-- MySQL dump 10.13  Distrib 8.0.34, for Win64 (x86_64)
--
-- Host: 127.0.0.1    Database: ecommerce
-- ------------------------------------------------------
-- Server version	8.0.36

/*!40101 SET @OLD_CHARACTER_SET_CLIENT=@@CHARACTER_SET_CLIENT */;
/*!40101 SET @OLD_CHARACTER_SET_RESULTS=@@CHARACTER_SET_RESULTS */;
/*!40101 SET @OLD_COLLATION_CONNECTION=@@COLLATION_CONNECTION */;
/*!50503 SET NAMES utf8 */;
/*!40103 SET @OLD_TIME_ZONE=@@TIME_ZONE */;
/*!40103 SET TIME_ZONE='+00:00' */;
/*!40014 SET @OLD_UNIQUE_CHECKS=@@UNIQUE_CHECKS, UNIQUE_CHECKS=0 */;
/*!40014 SET @OLD_FOREIGN_KEY_CHECKS=@@FOREIGN_KEY_CHECKS, FOREIGN_KEY_CHECKS=0 */;
/*!40101 SET @OLD_SQL_MODE=@@SQL_MODE, SQL_MODE='NO_AUTO_VALUE_ON_ZERO' */;
/*!40111 SET @OLD_SQL_NOTES=@@SQL_NOTES, SQL_NOTES=0 */;

--
-- Table structure for table `address`
--

DROP TABLE IF EXISTS `address`;
/*!40101 SET @saved_cs_client     = @@character_set_client */;
/*!50503 SET character_set_client = utf8mb4 */;
CREATE TABLE `address` (
  `id` bigint NOT NULL AUTO_INCREMENT,
  `code` varchar(255) DEFAULT NULL,
  `detail` varchar(255) DEFAULT NULL,
  `is_default` bit(1) DEFAULT NULL,
  `user_id` bigint DEFAULT NULL,
  `name` varchar(255) DEFAULT NULL,
  PRIMARY KEY (`id`),
  KEY `FK6i66ijb8twgcqtetl8eeeed6v` (`user_id`),
  CONSTRAINT `FK6i66ijb8twgcqtetl8eeeed6v` FOREIGN KEY (`user_id`) REFERENCES `users` (`id`)
) ENGINE=InnoDB AUTO_INCREMENT=22 DEFAULT CHARSET=utf8mb4 COLLATE=utf8mb4_0900_ai_ci;
/*!40101 SET character_set_client = @saved_cs_client */;

--
-- Dumping data for table `address`
--

LOCK TABLES `address` WRITE;
/*!40000 ALTER TABLE `address` DISABLE KEYS */;
INSERT INTO `address` VALUES (20,'00277','số 1 đại cồ việt',_binary '',51,'Trường'),(21,'02029','xóm 1',_binary '\0',51,'Nhà');
/*!40000 ALTER TABLE `address` ENABLE KEYS */;
UNLOCK TABLES;

--
-- Table structure for table `attributes`
--

DROP TABLE IF EXISTS `attributes`;
/*!40101 SET @saved_cs_client     = @@character_set_client */;
/*!50503 SET character_set_client = utf8mb4 */;
CREATE TABLE `attributes` (
  `id` bigint NOT NULL AUTO_INCREMENT,
  `name` varchar(255) DEFAULT NULL,
  `label` varchar(255) DEFAULT NULL,
  `slug` varchar(255) DEFAULT NULL,
  PRIMARY KEY (`id`),
  UNIQUE KEY `name_UNIQUE` (`name`)
) ENGINE=InnoDB AUTO_INCREMENT=14 DEFAULT CHARSET=utf8mb4 COLLATE=utf8mb4_0900_ai_ci;
/*!40101 SET character_set_client = @saved_cs_client */;

--
-- Dumping data for table `attributes`
--

LOCK TABLES `attributes` WRITE;
/*!40000 ALTER TABLE `attributes` DISABLE KEYS */;
INSERT INTO `attributes` VALUES (1,'screen_size','Màn hình','man-hinh'),(2,'ram','Ram','ram'),(3,'rom','Rom','rom'),(4,'cpu','CPU','cpu'),(5,'usage_need','Nhu cầu sử dụng','nhu-cau-su-dung'),(6,'screen_type','Loại màn hình','loai-man-hinh'),(7,'refresh_rate','Tần số quét','tan-so-quet'),(8,'connectivity','Cổng kết nối','cong-ket-noi'),(9,'feature','Tính năng','tinh-nang'),(10,'usage','Nhu cầu sử dụng','nhu-cau-su-dung'),(11,'health_utility','Sức khỏe','suc-khoe'),(12,'design','Thiết kế','thiet-ke'),(13,'frame_material','Chất liệu viền','chat-lieu-vien');
/*!40000 ALTER TABLE `attributes` ENABLE KEYS */;
UNLOCK TABLES;

--
-- Table structure for table `brands`
--

DROP TABLE IF EXISTS `brands`;
/*!40101 SET @saved_cs_client     = @@character_set_client */;
/*!50503 SET character_set_client = utf8mb4 */;
CREATE TABLE `brands` (
  `id` bigint NOT NULL AUTO_INCREMENT,
  `name` varchar(255) DEFAULT NULL,
  PRIMARY KEY (`id`),
  UNIQUE KEY `name_UNIQUE` (`name`)
) ENGINE=InnoDB AUTO_INCREMENT=23 DEFAULT CHARSET=utf8mb4 COLLATE=utf8mb4_0900_ai_ci;
/*!40101 SET character_set_client = @saved_cs_client */;

--
-- Dumping data for table `brands`
--

LOCK TABLES `brands` WRITE;
/*!40000 ALTER TABLE `brands` DISABLE KEYS */;
INSERT INTO `brands` VALUES (16,'apple'),(6,'asus'),(21,'coocaa'),(18,'coros'),(11,'dell'),(10,'hp'),(19,'huawei'),(17,'ipad'),(1,'iphone'),(13,'jbl'),(8,'lenovo'),(20,'lg'),(7,'macbook'),(14,'marsall'),(9,'msi'),(4,'oppo'),(5,'realme'),(2,'samsung'),(15,'sony'),(12,'soundpeats'),(3,'xiaomi');
/*!40000 ALTER TABLE `brands` ENABLE KEYS */;
UNLOCK TABLES;

--
-- Table structure for table `cart_items`
--

DROP TABLE IF EXISTS `cart_items`;
/*!40101 SET @saved_cs_client     = @@character_set_client */;
/*!50503 SET character_set_client = utf8mb4 */;
CREATE TABLE `cart_items` (
  `cart_id` bigint DEFAULT NULL,
  `id` bigint NOT NULL AUTO_INCREMENT,
  `product_id` bigint DEFAULT NULL,
  `quantity` bigint DEFAULT NULL,
  PRIMARY KEY (`id`),
  KEY `FKpcttvuq4mxppo8sxggjtn5i2c` (`cart_id`),
  KEY `FK1re40cjegsfvw58xrkdp6bac6` (`product_id`),
  CONSTRAINT `FK1re40cjegsfvw58xrkdp6bac6` FOREIGN KEY (`product_id`) REFERENCES `products` (`id`),
  CONSTRAINT `FKpcttvuq4mxppo8sxggjtn5i2c` FOREIGN KEY (`cart_id`) REFERENCES `carts` (`id`)
) ENGINE=InnoDB AUTO_INCREMENT=220 DEFAULT CHARSET=utf8mb4 COLLATE=utf8mb4_0900_ai_ci;
/*!40101 SET character_set_client = @saved_cs_client */;

--
-- Dumping data for table `cart_items`
--

LOCK TABLES `cart_items` WRITE;
/*!40000 ALTER TABLE `cart_items` DISABLE KEYS */;
INSERT INTO `cart_items` VALUES (52,191,55,1),(52,195,208,1),(52,201,370,2);
/*!40000 ALTER TABLE `cart_items` ENABLE KEYS */;
UNLOCK TABLES;

--
-- Table structure for table `carts`
--

DROP TABLE IF EXISTS `carts`;
/*!40101 SET @saved_cs_client     = @@character_set_client */;
/*!50503 SET character_set_client = utf8mb4 */;
CREATE TABLE `carts` (
  `id` bigint NOT NULL AUTO_INCREMENT,
  `user_id` bigint DEFAULT NULL,
  PRIMARY KEY (`id`),
  UNIQUE KEY `UK64t7ox312pqal3p7fg9o503c2` (`user_id`),
  CONSTRAINT `FKb5o626f86h46m4s7ms6ginnop` FOREIGN KEY (`user_id`) REFERENCES `users` (`id`)
) ENGINE=InnoDB AUTO_INCREMENT=67 DEFAULT CHARSET=utf8mb4 COLLATE=utf8mb4_0900_ai_ci;
/*!40101 SET character_set_client = @saved_cs_client */;

--
-- Dumping data for table `carts`
--

LOCK TABLES `carts` WRITE;
/*!40000 ALTER TABLE `carts` DISABLE KEYS */;
INSERT INTO `carts` VALUES (51,50),(52,51),(53,52),(54,53),(55,54),(56,55),(57,56),(58,57),(59,58),(60,59),(61,60),(62,61),(63,62),(64,63),(65,64),(66,65);
/*!40000 ALTER TABLE `carts` ENABLE KEYS */;
UNLOCK TABLES;

--
-- Table structure for table `categories`
--

DROP TABLE IF EXISTS `categories`;
/*!40101 SET @saved_cs_client     = @@character_set_client */;
/*!50503 SET character_set_client = utf8mb4 */;
CREATE TABLE `categories` (
  `id` bigint NOT NULL AUTO_INCREMENT,
  `name` varchar(255) DEFAULT NULL,
  `label` varchar(255) DEFAULT NULL,
  PRIMARY KEY (`id`),
  UNIQUE KEY `name_UNIQUE` (`name`)
) ENGINE=InnoDB AUTO_INCREMENT=17 DEFAULT CHARSET=utf8mb4 COLLATE=utf8mb4_0900_ai_ci;
/*!40101 SET character_set_client = @saved_cs_client */;

--
-- Dumping data for table `categories`
--

LOCK TABLES `categories` WRITE;
/*!40000 ALTER TABLE `categories` DISABLE KEYS */;
INSERT INTO `categories` VALUES (1,'smartphone','Điện thoại'),(2,'laptop','Máy tính'),(3,'tablet','Máy tính bảng'),(4,'tivi','Tivi'),(5,'screen','Màn hình'),(6,'headphone','Tai nghe'),(7,'watch','Đồng hồ');
/*!40000 ALTER TABLE `categories` ENABLE KEYS */;
UNLOCK TABLES;

--
-- Table structure for table `category_attributes`
--

DROP TABLE IF EXISTS `category_attributes`;
/*!40101 SET @saved_cs_client     = @@character_set_client */;
/*!50503 SET character_set_client = utf8mb4 */;
CREATE TABLE `category_attributes` (
  `attribute_id` bigint DEFAULT NULL,
  `category_id` bigint DEFAULT NULL,
  `id` bigint NOT NULL AUTO_INCREMENT,
  PRIMARY KEY (`id`),
  KEY `FK50b35m6ado4idm3dp3cudw979` (`attribute_id`),
  KEY `FKs8x8saggy3b3wx581pn813por` (`category_id`),
  CONSTRAINT `FK50b35m6ado4idm3dp3cudw979` FOREIGN KEY (`attribute_id`) REFERENCES `attributes` (`id`),
  CONSTRAINT `FKs8x8saggy3b3wx581pn813por` FOREIGN KEY (`category_id`) REFERENCES `categories` (`id`)
) ENGINE=InnoDB AUTO_INCREMENT=21 DEFAULT CHARSET=utf8mb4 COLLATE=utf8mb4_0900_ai_ci;
/*!40101 SET character_set_client = @saved_cs_client */;

--
-- Dumping data for table `category_attributes`
--

LOCK TABLES `category_attributes` WRITE;
/*!40000 ALTER TABLE `category_attributes` DISABLE KEYS */;
INSERT INTO `category_attributes` VALUES (1,1,1),(2,1,2),(3,1,3),(1,2,4),(2,2,5),(3,2,6),(4,2,7),(2,3,8),(3,3,9),(1,5,10),(5,5,11),(6,5,12),(7,5,13),(8,5,14),(9,6,15),(10,6,16),(9,7,17),(11,7,18),(12,7,19),(13,7,20);
/*!40000 ALTER TABLE `category_attributes` ENABLE KEYS */;
UNLOCK TABLES;

--
-- Table structure for table `category_brands`
--

DROP TABLE IF EXISTS `category_brands`;
/*!40101 SET @saved_cs_client     = @@character_set_client */;
/*!50503 SET character_set_client = utf8mb4 */;
CREATE TABLE `category_brands` (
  `brand_id` bigint DEFAULT NULL,
  `category_id` bigint DEFAULT NULL,
  `id` bigint NOT NULL AUTO_INCREMENT,
  PRIMARY KEY (`id`),
  KEY `FKp4lugeihfafmlwemfs2rkey88` (`brand_id`),
  KEY `FK1unukst53ykwjwo52uh5ovi09` (`category_id`),
  CONSTRAINT `FK1unukst53ykwjwo52uh5ovi09` FOREIGN KEY (`category_id`) REFERENCES `categories` (`id`),
  CONSTRAINT `FKp4lugeihfafmlwemfs2rkey88` FOREIGN KEY (`brand_id`) REFERENCES `brands` (`id`)
) ENGINE=InnoDB AUTO_INCREMENT=33 DEFAULT CHARSET=utf8mb4 COLLATE=utf8mb4_0900_ai_ci;
/*!40101 SET character_set_client = @saved_cs_client */;

--
-- Dumping data for table `category_brands`
--

LOCK TABLES `category_brands` WRITE;
/*!40000 ALTER TABLE `category_brands` DISABLE KEYS */;
INSERT INTO `category_brands` VALUES (1,1,1),(2,1,2),(3,1,3),(4,1,4),(5,1,5),(6,2,6),(7,2,7),(8,2,8),(9,2,9),(10,2,10),(11,2,11),(12,6,12),(13,6,13),(14,6,14),(15,6,15),(16,6,16),(17,3,17),(2,3,18),(3,3,19),(18,7,20),(2,7,21),(3,7,22),(19,7,23),(16,7,24),(2,4,25),(3,4,26),(20,4,27),(21,4,28),(15,4,29),(6,5,30),(2,5,31),(9,5,32);
/*!40000 ALTER TABLE `category_brands` ENABLE KEYS */;
UNLOCK TABLES;

--
-- Table structure for table `comments`
--

DROP TABLE IF EXISTS `comments`;
/*!40101 SET @saved_cs_client     = @@character_set_client */;
/*!50503 SET character_set_client = utf8mb4 */;
CREATE TABLE `comments` (
  `id` bigint NOT NULL AUTO_INCREMENT,
  `content` varchar(255) DEFAULT NULL,
  `rate` bigint DEFAULT NULL,
  `date` datetime(6) DEFAULT NULL,
  `product_id` bigint DEFAULT NULL,
  `user_id` bigint DEFAULT NULL,
  `image` text,
  `is_purchased` bit(1) DEFAULT NULL,
  PRIMARY KEY (`id`),
  KEY `FK6uv0qku8gsu6x1r2jkrtqwjtn` (`product_id`),
  KEY `FK8omq0tc18jd43bu5tjh6jvraq` (`user_id`),
  CONSTRAINT `FK6uv0qku8gsu6x1r2jkrtqwjtn` FOREIGN KEY (`product_id`) REFERENCES `products` (`id`),
  CONSTRAINT `FK8omq0tc18jd43bu5tjh6jvraq` FOREIGN KEY (`user_id`) REFERENCES `users` (`id`)
) ENGINE=InnoDB AUTO_INCREMENT=93 DEFAULT CHARSET=utf8mb4 COLLATE=utf8mb4_0900_ai_ci;
/*!40101 SET character_set_client = @saved_cs_client */;

--
-- Dumping data for table `comments`
--

LOCK TABLES `comments` WRITE;
/*!40000 ALTER TABLE `comments` DISABLE KEYS */;
INSERT INTO `comments` VALUES (69,'Hàng chất lượng. Tốt',5,'2024-09-01 23:27:27.756757',56,52,NULL,_binary '\0'),(70,'Giá rẻ ngon xịn mịn',5,'2024-09-01 23:31:40.032319',56,52,NULL,_binary ''),(71,'Khá tốt',4,'2024-09-01 23:33:20.980176',156,53,NULL,_binary '\0'),(72,'hàng chất lượng. ',5,'2024-09-01 23:47:49.744393',156,53,NULL,_binary ''),(73,'Tốt 10đ. xịn',5,'2024-09-01 23:50:28.555369',203,55,NULL,_binary ''),(74,'khá ngon',4,'2024-09-02 00:04:00.977802',45,56,NULL,_binary ''),(75,'Tai nghe em, nghe nhạc tốt',3,'2024-09-02 00:05:58.564573',337,57,NULL,_binary '\0'),(76,'okelaaaa',2,'2024-09-02 00:08:16.968568',55,57,NULL,_binary ''),(80,'Bug bình luận',3,'2024-09-02 00:24:06.490921',55,57,NULL,_binary ''),(81,'Hàng này xịn\r\n',5,'2024-09-02 00:26:03.283918',400,58,NULL,_binary ''),(82,'Điện thoại này ổn không mn',5,'2024-09-02 00:27:04.545354',46,59,NULL,_binary '\0'),(83,'Chất lượng đó',3,'2024-09-02 00:27:28.411753',345,59,NULL,_binary '\0'),(87,'Tốt',5,'2024-09-02 00:45:39.613843',246,60,NULL,_binary ''),(88,'hay\r\n',5,'2024-09-02 00:47:21.015795',46,55,NULL,_binary ''),(89,'Cái này hay nè',5,'2024-09-02 00:47:45.717916',308,55,NULL,_binary ''),(90,'Tốt nha',5,'2024-09-02 00:49:59.655724',46,56,NULL,_binary ''),(91,'iphone này đẹp',5,'2024-09-02 00:50:56.655001',1,62,NULL,_binary '\0'),(92,'Ổn',5,'2024-09-02 00:52:25.493548',55,65,NULL,_binary '\0');
/*!40000 ALTER TABLE `comments` ENABLE KEYS */;
UNLOCK TABLES;

--
-- Table structure for table `forgot_passwords`
--

DROP TABLE IF EXISTS `forgot_passwords`;
/*!40101 SET @saved_cs_client     = @@character_set_client */;
/*!50503 SET character_set_client = utf8mb4 */;
CREATE TABLE `forgot_passwords` (
  `id` bigint NOT NULL AUTO_INCREMENT,
  `otp` varchar(255) DEFAULT NULL,
  `otp_expiration_date` datetime(6) DEFAULT NULL,
  `otp_token` varchar(255) DEFAULT NULL,
  `user_id` bigint DEFAULT NULL,
  PRIMARY KEY (`id`),
  UNIQUE KEY `UKrear8vh2jm2wp0qrs136gabsn` (`user_id`),
  CONSTRAINT `FK2vrccrbdatq93db8iy3a01p2e` FOREIGN KEY (`user_id`) REFERENCES `users` (`id`)
) ENGINE=InnoDB AUTO_INCREMENT=4 DEFAULT CHARSET=utf8mb4 COLLATE=utf8mb4_0900_ai_ci;
/*!40101 SET character_set_client = @saved_cs_client */;

--
-- Dumping data for table `forgot_passwords`
--

LOCK TABLES `forgot_passwords` WRITE;
/*!40000 ALTER TABLE `forgot_passwords` DISABLE KEYS */;
/*!40000 ALTER TABLE `forgot_passwords` ENABLE KEYS */;
UNLOCK TABLES;

--
-- Table structure for table `order_details`
--

DROP TABLE IF EXISTS `order_details`;
/*!40101 SET @saved_cs_client     = @@character_set_client */;
/*!50503 SET character_set_client = utf8mb4 */;
CREATE TABLE `order_details` (
  `price` double DEFAULT NULL,
  `id` bigint NOT NULL AUTO_INCREMENT,
  `order_id` bigint DEFAULT NULL,
  `product_id` bigint DEFAULT NULL,
  `quantity` bigint DEFAULT NULL,
  PRIMARY KEY (`id`),
  KEY `FKjyu2qbqt8gnvno9oe9j2s2ldk` (`order_id`),
  KEY `FK4q98utpd73imf4yhttm3w0eax` (`product_id`),
  CONSTRAINT `FK4q98utpd73imf4yhttm3w0eax` FOREIGN KEY (`product_id`) REFERENCES `products` (`id`),
  CONSTRAINT `FKjyu2qbqt8gnvno9oe9j2s2ldk` FOREIGN KEY (`order_id`) REFERENCES `orders` (`id`)
) ENGINE=InnoDB AUTO_INCREMENT=118 DEFAULT CHARSET=utf8mb4 COLLATE=utf8mb4_0900_ai_ci;
/*!40101 SET character_set_client = @saved_cs_client */;

--
-- Dumping data for table `order_details`
--

LOCK TABLES `order_details` WRITE;
/*!40000 ALTER TABLE `order_details` DISABLE KEYS */;
INSERT INTO `order_details` VALUES (16791600,91,51,56,1),(17211800,92,51,75,1),(6922300,93,51,180,1),(8950000,94,51,219,1),(795000,95,51,310,1),(18800000,96,51,372,1),(1575000,97,52,313,2),(76784000,98,52,228,2),(21590400,99,53,137,1),(33583200,100,54,56,2),(35265600,101,55,156,2),(26863200,102,56,203,2),(44343900,103,57,45,3),(946400.0000000001,104,58,317,1),(2580300,105,58,337,1),(946400.0000000001,106,58,316,1),(9994600,107,59,265,2),(7402200,108,59,48,1),(14781300,109,59,45,1),(5561400,110,60,400,2),(5801700,111,61,345,1),(7402200,112,61,48,1),(11041500,113,61,46,1),(3474200.0000000005,114,62,340,1),(21590400,115,62,137,1),(18392000,116,62,95,1),(7402200,117,63,48,1);
/*!40000 ALTER TABLE `order_details` ENABLE KEYS */;
UNLOCK TABLES;

--
-- Table structure for table `orders`
--

DROP TABLE IF EXISTS `orders`;
/*!40101 SET @saved_cs_client     = @@character_set_client */;
/*!50503 SET character_set_client = utf8mb4 */;
CREATE TABLE `orders` (
  `id` bigint NOT NULL AUTO_INCREMENT,
  `full_name` varchar(255) DEFAULT NULL,
  `phone` varchar(255) DEFAULT NULL,
  `email` varchar(255) DEFAULT NULL,
  `address` varchar(255) DEFAULT NULL,
  `order_date` datetime(6) DEFAULT NULL,
  `total_price` double DEFAULT NULL,
  `order_status` enum('CANCELLED','DELIVERED','PENDING','PROCESSING','SHIPPED') DEFAULT NULL,
  `active` bit(1) DEFAULT NULL,
  `user_id` bigint DEFAULT NULL,
  `payment_method_id` bigint DEFAULT NULL,
  PRIMARY KEY (`id`),
  KEY `FK32ql8ubntj5uh44ph9659tiih` (`user_id`),
  KEY `FKa03ljb6t6oa6mqtoifuwkb0kw` (`payment_method_id`),
  CONSTRAINT `FK32ql8ubntj5uh44ph9659tiih` FOREIGN KEY (`user_id`) REFERENCES `users` (`id`),
  CONSTRAINT `FKa03ljb6t6oa6mqtoifuwkb0kw` FOREIGN KEY (`payment_method_id`) REFERENCES `payment_methods` (`id`)
) ENGINE=InnoDB AUTO_INCREMENT=64 DEFAULT CHARSET=utf8mb4 COLLATE=utf8mb4_0900_ai_ci;
/*!40101 SET character_set_client = @saved_cs_client */;

--
-- Dumping data for table `orders`
--

LOCK TABLES `orders` WRITE;
/*!40000 ALTER TABLE `orders` DISABLE KEYS */;
INSERT INTO `orders` VALUES (51,'Admin Demo','0121212','admindemo@email.com','số 1 đại cồ việt, 00277','2024-09-01 16:46:47.272056',69470700,'CANCELLED',_binary '',51,2),(52,'Admin Demo','0121212','admindemo@email.com','số 1 đại cồ việt, 26947','2024-09-01 16:47:25.794983',78359000,'DELIVERED',_binary '',51,2),(53,'Admin Demo','0121212','admindemo@email.com','số 1 đại cồ việt, 00277','2024-09-01 16:49:04.884437',21590400,'PROCESSING',_binary '',51,1),(54,'Hữu An','0249174552','an@gmail.com','duong giai phong, 26569','2024-09-01 23:30:53.019888',33583200,'PENDING',_binary '',52,2),(55,'Đức Anh','0120225553','anh@gmail.com','duong 1, 29173','2024-09-01 23:46:52.062985',35265600,'PROCESSING',_binary '',53,1),(56,'Hà Bách','0249174555','back@gmail.com','Bến tre, 29056','2024-09-01 23:50:04.077556',26863200,'PENDING',_binary '',55,2),(57,'Đức Bình','0249174556','binh@gmail.com','Bắc Ninh, 09301','2024-09-02 00:03:02.133143',44343900,'PROCESSING',_binary '',56,1),(58,'Đình Cường','0249174557','cuong@gmail.com','Bạc Liêu, 31879','2024-09-02 00:06:30.018352',4473100,'PENDING',_binary '',57,2),(59,'Đình Cường','0249174557','cuong@gmail.com','Bắc Ninh, 07339','2024-09-02 00:07:57.457635',32178100,'DELIVERED',_binary '',57,2),(60,'Trí Dũng','0249174558','dung@gmail.com','Bạc Liêu, 31855','2024-09-02 00:25:42.952247',5561400,'PENDING',_binary '',58,2),(61,'Đức Duy','0249174559','duy@gmail.com','duong giai phong, 09319','2024-09-02 00:28:33.425590',24245400,'PROCESSING',_binary '',59,1),(62,'Tùng Dương','0249174560','duonx@gmail.com','duong 1, 01990','2024-09-02 00:45:15.815848',43456600,'PENDING',_binary '',60,2),(63,'Thành Đạt','0249174562','datt@gmail.com','Bạc Liêu, 26590','2024-09-02 00:51:38.937707',7402200,'PENDING',_binary '',62,2);
/*!40000 ALTER TABLE `orders` ENABLE KEYS */;
UNLOCK TABLES;

--
-- Table structure for table `payment_methods`
--

DROP TABLE IF EXISTS `payment_methods`;
/*!40101 SET @saved_cs_client     = @@character_set_client */;
/*!50503 SET character_set_client = utf8mb4 */;
CREATE TABLE `payment_methods` (
  `id` bigint NOT NULL AUTO_INCREMENT,
  `description` text,
  `image` varchar(255) DEFAULT NULL,
  `name` varchar(255) DEFAULT NULL,
  `status` bit(1) DEFAULT NULL,
  PRIMARY KEY (`id`),
  UNIQUE KEY `UKkxvufx13wi6icen4i2wltdj02` (`name`)
) ENGINE=InnoDB AUTO_INCREMENT=7 DEFAULT CHARSET=utf8mb4 COLLATE=utf8mb4_0900_ai_ci;
/*!40101 SET character_set_client = @saved_cs_client */;

--
-- Dumping data for table `payment_methods`
--

LOCK TABLES `payment_methods` WRITE;
/*!40000 ALTER TABLE `payment_methods` DISABLE KEYS */;
INSERT INTO `payment_methods` VALUES (1,'Thanh toán bằng VNPAY','https://cdn2.cellphones.com.vn/x/media/logo/gw2/vnpay.png','VNPAY',_binary ''),(2,'Thanh toán Khi nhận hàng','https://cdn2.cellphones.com.vn/x400,webp,q100/media/payment-logo/COD.png','Thanh toán Khi nhận hàng',_binary '');
/*!40000 ALTER TABLE `payment_methods` ENABLE KEYS */;
UNLOCK TABLES;

--
-- Table structure for table `product_attributes`
--

DROP TABLE IF EXISTS `product_attributes`;
/*!40101 SET @saved_cs_client     = @@character_set_client */;
/*!50503 SET character_set_client = utf8mb4 */;
CREATE TABLE `product_attributes` (
  `id` bigint NOT NULL AUTO_INCREMENT,
  `product_id` bigint DEFAULT NULL,
  `attribute_id` bigint DEFAULT NULL,
  `value` varchar(255) DEFAULT NULL,
  `slug` varchar(255) DEFAULT NULL,
  PRIMARY KEY (`id`),
  KEY `FK6ksuorb5567jpa08ihcumumy1` (`attribute_id`),
  KEY `FKcex46yvx4g18b2pn09p79h1mc` (`product_id`),
  CONSTRAINT `FK6ksuorb5567jpa08ihcumumy1` FOREIGN KEY (`attribute_id`) REFERENCES `attributes` (`id`),
  CONSTRAINT `FKcex46yvx4g18b2pn09p79h1mc` FOREIGN KEY (`product_id`) REFERENCES `products` (`id`)
) ENGINE=InnoDB AUTO_INCREMENT=1628 DEFAULT CHARSET=utf8mb4 COLLATE=utf8mb4_0900_ai_ci;
/*!40101 SET character_set_client = @saved_cs_client */;

--
-- Dumping data for table `product_attributes`
--

LOCK TABLES `product_attributes` WRITE;
/*!40000 ALTER TABLE `product_attributes` DISABLE KEYS */;
INSERT INTO `product_attributes` VALUES (1,1,1,'6.1 in','6.1-in'),(2,1,2,'4 GB','4-gb'),(3,1,3,'128 GB','128-gb'),(4,2,1,'6.7 in','6.7-in'),(5,2,2,'8 GB','8-gb'),(6,2,3,'256 GB','256-gb'),(7,3,1,'6.1 in','6.1-in'),(8,3,2,'6 GB','6-gb'),(9,3,3,'128 GB','128-gb'),(10,4,1,'6.1 in','6.1-in'),(11,4,2,'8 GB','8-gb'),(12,4,3,'128 GB','128-gb'),(13,5,1,'6.7 in','6.7-in'),(14,5,2,'6 GB','6-gb'),(15,5,3,'128 GB','128-gb'),(16,6,1,'6.7 in','6.7-in'),(17,6,2,'6 GB','6-gb'),(18,6,3,'128 GB','128-gb'),(19,7,1,'6.1 in','6.1-in'),(20,7,2,'4 GB','4-gb'),(21,7,3,'64 GB','64-gb'),(22,8,1,'6.1 in','6.1-in'),(23,8,2,'6 GB','6-gb'),(24,8,3,'128 GB','128-gb'),(25,9,1,'6.1 in','6.1-in'),(26,9,2,'6 GB','6-gb'),(27,9,3,'128 GB','128-gb'),(28,10,1,'6.7 in','6.7-in'),(29,10,2,'6 GB','6-gb'),(30,10,3,'128 GB','128-gb'),(31,11,1,'6.1 in','6.1-in'),(32,11,2,'8 GB','8-gb'),(33,11,3,'256 GB','256-gb'),(34,12,1,'6.1 in','6.1-in'),(35,12,2,'4 GB','4-gb'),(36,12,3,'128 GB','128-gb'),(37,13,1,'6.7 in','6.7-in'),(38,13,2,'6 GB','6-gb'),(39,13,3,'256 GB','256-gb'),(40,14,1,'6.7 in','6.7-in'),(41,14,2,'8 GB','8-gb'),(42,14,3,'512 GB','512-gb'),(43,15,1,'6.7 in','6.7-in'),(44,15,2,'6 GB','6-gb'),(45,15,3,'256 GB','256-gb'),(46,16,1,'6.1 in','6.1-in'),(47,16,2,'6 GB','6-gb'),(48,16,3,'256 GB','256-gb'),(49,17,1,'6.1 in','6.1-in'),(50,17,2,'4 GB','4-gb'),(51,17,3,'256 GB','256-gb'),(52,18,1,'6.1 in','6.1-in'),(53,18,2,'4 GB','4-gb'),(54,18,3,'64 GB','64-gb'),(55,19,1,'6.7 in','6.7-in'),(56,19,2,'8 GB','8-gb'),(57,19,3,'1024 GB','1024-gb'),(58,20,1,'6.8 in','6.8-in'),(59,20,2,'12 GB','12-gb'),(60,20,3,'256 GB','256-gb'),(61,21,1,'6.8 in','6.8-in'),(62,21,2,'8 GB','8-gb'),(63,21,3,'256 GB','256-gb'),(64,22,1,'6.5 in','6.5-in'),(65,22,2,'8 GB','8-gb'),(66,22,3,'128 GB','128-gb'),(67,23,1,'6.5 in','6.5-in'),(68,23,2,'8 GB','8-gb'),(69,23,3,'128 GB','128-gb'),(70,24,1,'6.7 in','6.7-in'),(71,24,2,'8 GB','8-gb'),(72,24,3,'256 GB','256-gb'),(73,25,1,'6.4 in','6.4-in'),(74,25,2,'8 GB','8-gb'),(75,25,3,'128 GB','128-gb'),(76,27,1,'6.1 in','6.1-in'),(77,27,2,'8 GB','8-gb'),(78,27,3,'128 GB','128-gb'),(79,30,1,'6.2 in','6.2-in'),(80,30,2,'8 GB','8-gb'),(81,30,3,'256 GB','256-gb'),(82,31,1,'6.6 in','6.6-in'),(83,31,2,'4 GB','4-gb'),(84,31,3,'128 GB','128-gb'),(85,32,1,'6.7 in','6.7-in'),(86,32,2,'4 GB','4-gb'),(87,32,3,'128 GB','128-gb'),(88,33,1,'6.4 in','6.4-in'),(89,33,2,'8 GB','8-gb'),(90,33,3,'128 GB','128-gb'),(91,35,1,'6.8 in','6.8-in'),(92,35,2,'1 GB','1-gb'),(93,35,3,'512 GB','512-gb'),(94,36,1,'6.4 in','6.4-in'),(95,36,2,'8 GB','8-gb'),(96,36,3,'256 GB','256-gb'),(97,37,1,'6.7 in','6.7-in'),(98,37,2,'1 GB','1-gb'),(99,37,3,'256 GB','256-gb'),(100,38,1,'6.8 in','6.8-in'),(101,38,2,'1 GB','1-gb'),(102,38,3,'102 GB','102-gb'),(103,39,1,'6.8 in','6.8-in'),(104,39,2,'1 GB','1-gb'),(105,39,3,'512 GB','512-gb'),(106,40,1,'6.6 in','6.6-in'),(107,40,2,'6 GB','6-gb'),(108,40,3,'128 GB','128-gb'),(109,41,1,'6.6 in','6.6-in'),(110,41,2,'8 GB','8-gb'),(111,41,3,'256 GB','256-gb'),(112,42,1,'6.6 in','6.6-in'),(113,42,2,'8 GB','8-gb'),(114,42,3,'128 GB','128-gb'),(115,43,1,'6.6 in','6.6-in'),(116,43,2,'8 GB','8-gb'),(117,43,3,'256 GB','256-gb'),(118,44,1,'6.7 in','6.7-in'),(119,44,2,'6 GB','6-gb'),(120,44,3,'128 GB','128-gb'),(121,45,1,'6.6 in','6.6-in'),(122,45,2,'1 GB','1-gb'),(123,45,3,'512 GB','512-gb'),(124,46,1,'6.6 in','6.6-in'),(125,46,2,'1 GB','1-gb'),(126,46,3,'256 GB','256-gb'),(127,47,1,'6.3 in','6.3-in'),(128,47,2,'1 GB','1-gb'),(129,47,3,'256 GB','256-gb'),(130,48,1,'6.6 in','6.6-in'),(131,48,2,'8 GB','8-gb'),(132,48,3,'256 GB','256-gb'),(133,49,1,'6.6 in','6.6-in'),(134,49,2,'8 GB','8-gb'),(135,49,3,'256 GB','256-gb'),(136,51,1,'6 in','6-in'),(137,51,2,'2 GB','2-gb'),(138,51,3,'32 GB','32-gb'),(139,52,1,'6.4 in','6.4-in'),(140,52,2,'8 GB','8-gb'),(141,52,3,'256 GB','256-gb'),(142,53,1,'6.6 in','6.6-in'),(143,53,2,'6 GB','6-gb'),(144,53,3,'128 GB','128-gb'),(145,54,1,'6.5 in','6.5-in'),(146,54,2,'6 GB','6-gb'),(147,54,3,'128 GB','128-gb'),(148,55,1,'6.7 in','6.7-in'),(149,55,2,'8 GB','8-gb'),(150,55,3,'256 GB','256-gb'),(151,56,1,'6.7 in','6.7-in'),(152,56,2,'1 GB','1-gb'),(153,56,3,'256 GB','256-gb'),(154,57,1,'6.7 in','6.7-in'),(155,57,2,'8 GB','8-gb'),(156,57,3,'256 GB','256-gb'),(157,58,1,'6.5 in','6.5-in'),(158,58,2,'4 GB','4-gb'),(159,58,3,'128 GB','128-gb'),(160,59,1,'6.5 in','6.5-in'),(161,59,2,'8 GB','8-gb'),(162,59,3,'128 GB','128-gb'),(163,60,1,'6.7 in','6.7-in'),(164,60,2,'6 GB','6-gb'),(165,60,3,'128 GB','128-gb'),(166,61,1,'6.7 in','6.7-in'),(167,61,2,'8 GB','8-gb'),(168,61,3,'128 GB','128-gb'),(169,62,1,'7.8 in','7.8-in'),(170,62,2,'1 GB','1-gb'),(171,62,3,'512 GB','512-gb'),(172,63,1,'6.7 in','6.7-in'),(173,63,2,'3 GB','3-gb'),(174,63,3,'64 GB','64-gb'),(175,65,1,'6.4 in','6.4-in'),(176,65,2,'8 GB','8-gb'),(177,65,3,'256 GB','256-gb'),(178,66,1,'6.7 in','6.7-in'),(179,66,2,'8 GB','8-gb'),(180,66,3,'256 GB','256-gb'),(181,68,1,'6.7 in','6.7-in'),(182,68,2,'4 GB','4-gb'),(183,68,3,'128 GB','128-gb'),(184,69,1,'6.4 in','6.4-in'),(185,69,2,'8 GB','8-gb'),(186,69,3,'128 GB','128-gb'),(187,70,1,'6.7 in','6.7-in'),(188,70,2,'8 GB','8-gb'),(189,70,3,'128 GB','128-gb'),(190,71,1,'6.7 in','6.7-in'),(191,71,2,'6 GB','6-gb'),(192,71,3,'256 GB','256-gb'),(193,72,1,'6.7 in','6.7-in'),(194,72,2,'6 GB','6-gb'),(195,72,3,'128 GB','128-gb'),(196,73,1,'6.7 in','6.7-in'),(197,73,2,'8 GB','8-gb'),(198,73,3,'256 GB','256-gb'),(199,74,1,'6.7 in','6.7-in'),(200,74,2,'8 GB','8-gb'),(201,74,3,'256 GB','256-gb'),(202,75,1,'10 in','10-in'),(203,75,1,'14 in','14-in'),(204,75,2,'10 GB','10-gb'),(205,75,2,'8 GB','8-gb'),(206,75,3,'10 GB','10-gb'),(207,75,3,'256 GB','256-gb'),(208,75,4,'Intel Core i3','intel-core-i3'),(209,76,1,'16 in','16-in'),(210,76,2,'16 GB','16-gb'),(211,76,3,'512 GB','512-gb'),(212,76,4,'M3 Max','m3-max'),(213,77,1,'16 in','16-in'),(214,77,2,'32 GB','32-gb'),(215,77,3,'256 GB','256-gb'),(216,77,4,'M1 Ultra','m1-ultra'),(217,78,1,'16 in','16-in'),(218,78,2,'4 GB','4-gb'),(219,78,3,'1024 GB','1024-gb'),(220,78,4,'M2 Max','m2-max'),(221,79,1,'14 in','14-in'),(222,79,2,'4 GB','4-gb'),(223,79,3,'256 GB','256-gb'),(224,79,4,'M1 Ultra','m1-ultra'),(225,80,1,'17 in','17-in'),(226,80,2,'32 GB','32-gb'),(227,80,3,'1024 GB','1024-gb'),(228,80,4,'M1 Ultra','m1-ultra'),(229,81,1,'16 in','16-in'),(230,81,2,'16 GB','16-gb'),(231,81,3,'256 GB','256-gb'),(232,81,4,'M2 Pro','m2-pro'),(233,82,1,'14 in','14-in'),(234,82,2,'8 GB','8-gb'),(235,82,3,'64 GB','64-gb'),(236,82,4,'M2 Max','m2-max'),(237,83,1,'16 in','16-in'),(238,83,2,'16 GB','16-gb'),(239,83,3,'1024 GB','1024-gb'),(240,83,4,'M3 Max','m3-max'),(241,84,1,'16 in','16-in'),(242,84,2,'16 GB','16-gb'),(243,84,3,'512 GB','512-gb'),(244,84,4,'M3 Max','m3-max'),(245,85,1,'15 in','15-in'),(246,85,2,'4 GB','4-gb'),(247,85,3,'64 GB','64-gb'),(248,85,4,'M3 Pro','m3-pro'),(249,86,1,'14 in','14-in'),(250,86,2,'8 GB','8-gb'),(251,86,3,'256 GB','256-gb'),(252,86,4,'M3 Max','m3-max'),(253,87,1,'14 in','14-in'),(254,87,2,'4 GB','4-gb'),(255,87,3,'64 GB','64-gb'),(256,87,4,'M1 Ultra','m1-ultra'),(257,88,1,'14 in','14-in'),(258,88,2,'32 GB','32-gb'),(259,88,3,'128 GB','128-gb'),(260,88,4,'M3 Max','m3-max'),(261,89,1,'15 in','15-in'),(262,89,2,'16 GB','16-gb'),(263,89,3,'128 GB','128-gb'),(264,89,4,'Intel Core i3','intel-core-i3'),(265,90,1,'17 in','17-in'),(266,90,2,'32 GB','32-gb'),(267,90,3,'1024 GB','1024-gb'),(268,90,4,'Intel Core i3','intel-core-i3'),(269,91,1,'15 in','15-in'),(270,91,2,'8 GB','8-gb'),(271,91,3,'512 GB','512-gb'),(272,91,4,'M3 Pro','m3-pro'),(273,92,1,'14 in','14-in'),(274,92,2,'8 GB','8-gb'),(275,92,3,'128 GB','128-gb'),(276,92,4,'M1 Ultra','m1-ultra'),(277,93,1,'17 in','17-in'),(278,93,2,'8 GB','8-gb'),(279,93,3,'512 GB','512-gb'),(280,93,4,'M3 Max','m3-max'),(281,94,1,'16 in','16-in'),(282,94,2,'8 GB','8-gb'),(283,94,3,'64 GB','64-gb'),(284,94,4,'M3 Max','m3-max'),(285,95,1,'15 in','15-in'),(286,95,2,'32 GB','32-gb'),(287,95,3,'64 GB','64-gb'),(288,95,4,'M1 Ultra','m1-ultra'),(289,96,1,'15 in','15-in'),(290,96,2,'4 GB','4-gb'),(291,96,3,'1024 GB','1024-gb'),(292,96,4,'M2 Max','m2-max'),(293,97,1,'15 in','15-in'),(294,97,2,'32 GB','32-gb'),(295,97,3,'512 GB','512-gb'),(296,97,4,'Intel Core i9','intel-core-i9'),(297,98,1,'15 in','15-in'),(298,98,2,'8 GB','8-gb'),(299,98,3,'128 GB','128-gb'),(300,98,4,'M2 Max','m2-max'),(301,99,1,'15 in','15-in'),(302,99,2,'16 GB','16-gb'),(303,99,3,'1024 GB','1024-gb'),(304,99,4,'M2 Max','m2-max'),(305,100,1,'14 in','14-in'),(306,100,2,'8 GB','8-gb'),(307,100,3,'512 GB','512-gb'),(308,100,4,'M3 Max','m3-max'),(309,101,1,'14 in','14-in'),(310,101,2,'16 GB','16-gb'),(311,101,3,'256 GB','256-gb'),(312,101,4,'M1 Ultra','m1-ultra'),(313,102,1,'14 in','14-in'),(314,102,2,'8 GB','8-gb'),(315,102,3,'64 GB','64-gb'),(316,102,4,'Intel Core i3','intel-core-i3'),(317,103,1,'14 in','14-in'),(318,103,2,'8 GB','8-gb'),(319,103,3,'1024 GB','1024-gb'),(320,103,4,'M1 Ultra','m1-ultra'),(321,104,1,'16 in','16-in'),(322,104,2,'4 GB','4-gb'),(323,104,3,'128 GB','128-gb'),(324,104,4,'M3 Max','m3-max'),(325,105,1,'17 in','17-in'),(326,105,2,'8 GB','8-gb'),(327,105,3,'128 GB','128-gb'),(328,105,4,'Intel Core i9','intel-core-i9'),(329,106,1,'17 in','17-in'),(330,106,2,'32 GB','32-gb'),(331,106,3,'128 GB','128-gb'),(332,106,4,'Intel Core i3','intel-core-i3'),(333,107,1,'14 in','14-in'),(334,107,2,'4 GB','4-gb'),(335,107,3,'256 GB','256-gb'),(336,107,4,'M3 Max','m3-max'),(337,108,1,'17 in','17-in'),(338,108,2,'4 GB','4-gb'),(339,108,3,'1024 GB','1024-gb'),(340,108,4,'M3 Max','m3-max'),(341,109,1,'17 in','17-in'),(342,109,2,'16 GB','16-gb'),(343,109,3,'256 GB','256-gb'),(344,109,4,'M2 Pro','m2-pro'),(345,110,1,'17 in','17-in'),(346,110,2,'4 GB','4-gb'),(347,110,3,'128 GB','128-gb'),(348,110,4,'M2 Pro','m2-pro'),(349,111,1,'15 in','15-in'),(350,111,2,'4 GB','4-gb'),(351,111,3,'256 GB','256-gb'),(352,111,4,'Intel Core i3','intel-core-i3'),(353,112,1,'16 in','16-in'),(354,112,2,'4 GB','4-gb'),(355,112,3,'256 GB','256-gb'),(356,112,4,'M1 Ultra','m1-ultra'),(357,113,1,'15 in','15-in'),(358,113,2,'32 GB','32-gb'),(359,113,3,'128 GB','128-gb'),(360,113,4,'M3 Pro','m3-pro'),(361,114,1,'15 in','15-in'),(362,114,2,'4 GB','4-gb'),(363,114,3,'64 GB','64-gb'),(364,114,4,'M3 Pro','m3-pro'),(365,115,1,'15 in','15-in'),(366,115,2,'32 GB','32-gb'),(367,115,3,'64 GB','64-gb'),(368,115,4,'M3 Max','m3-max'),(369,116,1,'14 in','14-in'),(370,116,2,'4 GB','4-gb'),(371,116,3,'128 GB','128-gb'),(372,116,4,'M2 Pro','m2-pro'),(373,117,1,'17 in','17-in'),(374,117,2,'4 GB','4-gb'),(375,117,3,'1024 GB','1024-gb'),(376,117,4,'M3 Max','m3-max'),(377,118,1,'17 in','17-in'),(378,118,2,'32 GB','32-gb'),(379,118,3,'512 GB','512-gb'),(380,118,4,'M2 Max','m2-max'),(381,119,1,'17 in','17-in'),(382,119,2,'8 GB','8-gb'),(383,119,3,'64 GB','64-gb'),(384,119,4,'Intel Core i9','intel-core-i9'),(385,120,1,'15 in','15-in'),(386,120,2,'32 GB','32-gb'),(387,120,3,'256 GB','256-gb'),(388,120,4,'Intel Core i3','intel-core-i3'),(389,121,1,'15 in','15-in'),(390,121,2,'8 GB','8-gb'),(391,121,3,'512 GB','512-gb'),(392,121,4,'M2 Max','m2-max'),(393,122,1,'14 in','14-in'),(394,122,2,'32 GB','32-gb'),(395,122,3,'64 GB','64-gb'),(396,122,4,'M3 Max','m3-max'),(397,123,1,'14 in','14-in'),(398,123,2,'32 GB','32-gb'),(399,123,3,'128 GB','128-gb'),(400,123,4,'M1 Ultra','m1-ultra'),(401,124,1,'16 in','16-in'),(402,124,2,'4 GB','4-gb'),(403,124,3,'512 GB','512-gb'),(404,124,4,'M3 Pro','m3-pro'),(405,125,1,'17 in','17-in'),(406,125,2,'32 GB','32-gb'),(407,125,3,'256 GB','256-gb'),(408,125,4,'Intel Core i3','intel-core-i3'),(409,126,1,'14 in','14-in'),(410,126,2,'8 GB','8-gb'),(411,126,3,'256 GB','256-gb'),(412,126,4,'M1 Ultra','m1-ultra'),(413,127,1,'15 in','15-in'),(414,127,2,'4 GB','4-gb'),(415,127,3,'256 GB','256-gb'),(416,127,4,'M2 Pro','m2-pro'),(417,128,1,'17 in','17-in'),(418,128,2,'4 GB','4-gb'),(419,128,3,'128 GB','128-gb'),(420,128,4,'M3 Pro','m3-pro'),(421,129,1,'15 in','15-in'),(422,129,2,'8 GB','8-gb'),(423,129,3,'1024 GB','1024-gb'),(424,129,4,'M1 Ultra','m1-ultra'),(425,130,1,'17 in','17-in'),(426,130,2,'4 GB','4-gb'),(427,130,3,'256 GB','256-gb'),(428,130,4,'M1 Ultra','m1-ultra'),(429,131,1,'15 in','15-in'),(430,131,2,'32 GB','32-gb'),(431,131,3,'128 GB','128-gb'),(432,131,4,'M2 Pro','m2-pro'),(433,132,1,'15 in','15-in'),(434,132,2,'16 GB','16-gb'),(435,132,3,'128 GB','128-gb'),(436,132,4,'Intel Core i3','intel-core-i3'),(437,133,1,'17 in','17-in'),(438,133,2,'16 GB','16-gb'),(439,133,3,'512 GB','512-gb'),(440,133,4,'Intel Core i3','intel-core-i3'),(441,134,1,'14 in','14-in'),(442,134,2,'32 GB','32-gb'),(443,134,3,'128 GB','128-gb'),(444,134,4,'Intel Core i9','intel-core-i9'),(445,135,1,'17 in','17-in'),(446,135,2,'32 GB','32-gb'),(447,135,3,'128 GB','128-gb'),(448,135,4,'M2 Max','m2-max'),(449,136,1,'15 in','15-in'),(450,136,2,'8 GB','8-gb'),(451,136,3,'128 GB','128-gb'),(452,136,4,'M2 Max','m2-max'),(453,137,1,'15 in','15-in'),(454,137,2,'8 GB','8-gb'),(455,137,3,'512 GB','512-gb'),(456,137,4,'M3 Pro','m3-pro'),(457,138,1,'15 in','15-in'),(458,138,2,'32 GB','32-gb'),(459,138,3,'64 GB','64-gb'),(460,138,4,'M3 Max','m3-max'),(461,139,1,'16 in','16-in'),(462,139,2,'4 GB','4-gb'),(463,139,3,'256 GB','256-gb'),(464,139,4,'M2 Max','m2-max'),(465,140,1,'14 in','14-in'),(466,140,2,'16 GB','16-gb'),(467,140,3,'128 GB','128-gb'),(468,140,4,'M1 Ultra','m1-ultra'),(469,141,1,'17 in','17-in'),(470,141,2,'16 GB','16-gb'),(471,141,3,'256 GB','256-gb'),(472,141,4,'M3 Max','m3-max'),(473,142,1,'16 in','16-in'),(474,142,2,'8 GB','8-gb'),(475,142,3,'256 GB','256-gb'),(476,142,4,'Intel Core i3','intel-core-i3'),(477,143,1,'16 in','16-in'),(478,143,2,'8 GB','8-gb'),(479,143,3,'256 GB','256-gb'),(480,143,4,'Intel Core i3','intel-core-i3'),(481,144,1,'15 in','15-in'),(482,144,2,'16 GB','16-gb'),(483,144,3,'256 GB','256-gb'),(484,144,4,'M2 Max','m2-max'),(485,145,1,'14 in','14-in'),(486,145,2,'32 GB','32-gb'),(487,145,3,'128 GB','128-gb'),(488,145,4,'M2 Pro','m2-pro'),(489,146,1,'14 in','14-in'),(490,146,2,'4 GB','4-gb'),(491,146,3,'256 GB','256-gb'),(492,146,4,'M3 Max','m3-max'),(493,147,1,'15 in','15-in'),(494,147,2,'16 GB','16-gb'),(495,147,3,'256 GB','256-gb'),(496,147,4,'M3 Pro','m3-pro'),(497,148,1,'14 in','14-in'),(498,148,2,'16 GB','16-gb'),(499,148,3,'64 GB','64-gb'),(500,148,4,'Intel Core i9','intel-core-i9'),(501,149,1,'17 in','17-in'),(502,149,2,'32 GB','32-gb'),(503,149,3,'256 GB','256-gb'),(504,149,4,'M3 Max','m3-max'),(505,150,1,'15 in','15-in'),(506,150,2,'32 GB','32-gb'),(507,150,3,'1024 GB','1024-gb'),(508,150,4,'M2 Max','m2-max'),(509,151,1,'14 in','14-in'),(510,151,2,'16 GB','16-gb'),(511,151,3,'1024 GB','1024-gb'),(512,151,4,'M2 Pro','m2-pro'),(513,152,1,'17 in','17-in'),(514,152,2,'32 GB','32-gb'),(515,152,3,'64 GB','64-gb'),(516,152,4,'M2 Pro','m2-pro'),(517,153,1,'15 in','15-in'),(518,153,2,'16 GB','16-gb'),(519,153,3,'1024 GB','1024-gb'),(520,153,4,'Intel Core i3','intel-core-i3'),(521,154,1,'17 in','17-in'),(522,154,2,'8 GB','8-gb'),(523,154,3,'1024 GB','1024-gb'),(524,154,4,'Intel Core i9','intel-core-i9'),(525,155,1,'16 in','16-in'),(526,155,2,'4 GB','4-gb'),(527,155,3,'512 GB','512-gb'),(528,155,4,'M3 Pro','m3-pro'),(529,156,1,'15 in','15-in'),(530,156,2,'16 GB','16-gb'),(531,156,3,'512 GB','512-gb'),(532,156,4,'M2 Max','m2-max'),(533,157,1,'16 in','16-in'),(534,157,2,'8 GB','8-gb'),(535,157,3,'1024 GB','1024-gb'),(536,157,4,'M2 Pro','m2-pro'),(537,158,1,'15 in','15-in'),(538,158,2,'32 GB','32-gb'),(539,158,3,'1024 GB','1024-gb'),(540,158,4,'M3 Max','m3-max'),(541,159,1,'16 in','16-in'),(542,159,2,'4 GB','4-gb'),(543,159,3,'1024 GB','1024-gb'),(544,159,4,'M3 Max','m3-max'),(545,160,1,'17 in','17-in'),(546,160,2,'8 GB','8-gb'),(547,160,3,'128 GB','128-gb'),(548,160,4,'M3 Pro','m3-pro'),(549,161,1,'16 in','16-in'),(550,161,2,'4 GB','4-gb'),(551,161,3,'1024 GB','1024-gb'),(552,161,4,'M3 Pro','m3-pro'),(553,162,1,'16 in','16-in'),(554,162,2,'16 GB','16-gb'),(555,162,3,'128 GB','128-gb'),(556,162,4,'M1 Ultra','m1-ultra'),(557,163,1,'17 in','17-in'),(558,163,2,'8 GB','8-gb'),(559,163,3,'128 GB','128-gb'),(560,163,4,'M2 Max','m2-max'),(561,164,1,'15 in','15-in'),(562,164,2,'8 GB','8-gb'),(563,164,3,'256 GB','256-gb'),(564,164,4,'Intel Core i3','intel-core-i3'),(565,165,1,'15 in','15-in'),(566,165,2,'32 GB','32-gb'),(567,165,3,'256 GB','256-gb'),(568,165,4,'Intel Core i3','intel-core-i3'),(569,166,1,'17 in','17-in'),(570,166,2,'8 GB','8-gb'),(571,166,3,'1024 GB','1024-gb'),(572,166,4,'M3 Pro','m3-pro'),(573,167,1,'16 in','16-in'),(574,167,2,'16 GB','16-gb'),(575,167,3,'64 GB','64-gb'),(576,167,4,'M3 Pro','m3-pro'),(577,168,1,'15 in','15-in'),(578,168,2,'8 GB','8-gb'),(579,168,3,'1024 GB','1024-gb'),(580,168,4,'M2 Pro','m2-pro'),(581,169,1,'15 in','15-in'),(582,169,2,'16 GB','16-gb'),(583,169,3,'128 GB','128-gb'),(584,169,4,'M2 Pro','m2-pro'),(585,170,1,'17 in','17-in'),(586,170,2,'4 GB','4-gb'),(587,170,3,'1024 GB','1024-gb'),(588,170,4,'Intel Core i9','intel-core-i9'),(589,171,1,'16 in','16-in'),(590,171,2,'16 GB','16-gb'),(591,171,3,'512 GB','512-gb'),(592,171,4,'M2 Max','m2-max'),(593,172,1,'14 in','14-in'),(594,172,2,'16 GB','16-gb'),(595,172,3,'1024 GB','1024-gb'),(596,172,4,'M3 Max','m3-max'),(597,173,1,'16 in','16-in'),(598,173,2,'32 GB','32-gb'),(599,173,3,'128 GB','128-gb'),(600,173,4,'M3 Max','m3-max'),(601,174,1,'14 in','14-in'),(602,174,2,'8 GB','8-gb'),(603,174,3,'128 GB','128-gb'),(604,174,4,'M1 Ultra','m1-ultra'),(605,175,1,'15 in','15-in'),(606,175,2,'16 GB','16-gb'),(607,175,3,'512 GB','512-gb'),(608,175,4,'M3 Pro','m3-pro'),(609,176,1,'16 in','16-in'),(610,176,2,'32 GB','32-gb'),(611,176,3,'64 GB','64-gb'),(612,176,4,'Intel Core i9','intel-core-i9'),(613,177,1,'14 in','14-in'),(614,177,2,'32 GB','32-gb'),(615,177,3,'512 GB','512-gb'),(616,177,4,'M2 Pro','m2-pro'),(617,178,1,'9 in','9-in'),(618,178,2,'8 GB','8-gb'),(619,178,3,'1024 GB','1024-gb'),(620,178,5,'Văn phòng','van-phong'),(621,179,1,'10 in','10-in'),(622,179,2,'16 GB','16-gb'),(623,179,3,'512 GB','512-gb'),(624,179,5,'Gaming','gaming'),(625,180,1,'9 in','9-in'),(626,180,2,'4 GB','4-gb'),(627,180,3,'128 GB','128-gb'),(628,180,5,'Văn phòng','van-phong'),(629,181,1,'10 in','10-in'),(630,181,2,'32 GB','32-gb'),(631,181,3,'1024 GB','1024-gb'),(632,181,5,'Đồ họa','do-hoa'),(633,182,1,'9 in','9-in'),(634,182,2,'4 GB','4-gb'),(635,182,3,'512 GB','512-gb'),(636,182,5,'Gaming','gaming'),(637,183,1,'9 in','9-in'),(638,183,2,'8 GB','8-gb'),(639,183,3,'64 GB','64-gb'),(640,183,5,'Văn phòng','van-phong'),(641,184,1,'10 in','10-in'),(642,184,2,'4 GB','4-gb'),(643,184,3,'256 GB','256-gb'),(644,184,5,'Đồ họa','do-hoa'),(645,185,1,'13 in','13-in'),(646,185,2,'8 GB','8-gb'),(647,185,3,'128 GB','128-gb'),(648,185,5,'Gaming','gaming'),(649,186,1,'10 in','10-in'),(650,186,2,'4 GB','4-gb'),(651,186,3,'256 GB','256-gb'),(652,186,5,'Văn phòng','van-phong'),(653,187,1,'12 in','12-in'),(654,187,2,'8 GB','8-gb'),(655,187,3,'512 GB','512-gb'),(656,187,5,'Đồ họa','do-hoa'),(657,188,1,'12 in','12-in'),(658,188,2,'32 GB','32-gb'),(659,188,3,'1024 GB','1024-gb'),(660,188,5,'Gaming','gaming'),(661,189,1,'9 in','9-in'),(662,189,2,'16 GB','16-gb'),(663,189,3,'128 GB','128-gb'),(664,189,5,'Văn phòng','van-phong'),(665,190,1,'10 in','10-in'),(666,190,2,'4 GB','4-gb'),(667,190,3,'128 GB','128-gb'),(668,190,5,'Đồ họa','do-hoa'),(669,191,1,'11 in','11-in'),(670,191,2,'4 GB','4-gb'),(671,191,3,'256 GB','256-gb'),(672,191,5,'Gaming','gaming'),(673,192,1,'11 in','11-in'),(674,192,2,'32 GB','32-gb'),(675,192,3,'256 GB','256-gb'),(676,192,5,'Văn phòng','van-phong'),(677,193,1,'12 in','12-in'),(678,193,2,'4 GB','4-gb'),(679,193,3,'512 GB','512-gb'),(680,193,5,'Đồ họa','do-hoa'),(681,194,1,'12 in','12-in'),(682,194,2,'16 GB','16-gb'),(683,194,3,'1024 GB','1024-gb'),(684,194,5,'Gaming','gaming'),(685,195,1,'11 in','11-in'),(686,195,2,'4 GB','4-gb'),(687,195,3,'1024 GB','1024-gb'),(688,195,5,'Văn phòng','van-phong'),(689,196,1,'9 in','9-in'),(690,196,2,'8 GB','8-gb'),(691,196,3,'64 GB','64-gb'),(692,196,5,'Đồ họa','do-hoa'),(693,197,1,'9 in','9-in'),(694,197,2,'4 GB','4-gb'),(695,197,3,'128 GB','128-gb'),(696,197,5,'Gaming','gaming'),(697,198,1,'11 in','11-in'),(698,198,2,'32 GB','32-gb'),(699,198,3,'64 GB','64-gb'),(700,198,5,'Văn phòng','van-phong'),(701,199,1,'11 in','11-in'),(702,199,2,'16 GB','16-gb'),(703,199,3,'512 GB','512-gb'),(704,199,5,'Đồ họa','do-hoa'),(705,200,1,'9 in','9-in'),(706,200,2,'32 GB','32-gb'),(707,200,3,'64 GB','64-gb'),(708,200,5,'Gaming','gaming'),(709,201,1,'10 in','10-in'),(710,201,2,'8 GB','8-gb'),(711,201,3,'256 GB','256-gb'),(712,201,5,'Văn phòng','van-phong'),(713,202,1,'10 in','10-in'),(714,202,2,'4 GB','4-gb'),(715,202,3,'64 GB','64-gb'),(716,202,5,'Đồ họa','do-hoa'),(717,203,1,'12 in','12-in'),(718,203,2,'8 GB','8-gb'),(719,203,3,'1024 GB','1024-gb'),(720,203,5,'Gaming','gaming'),(721,204,1,'9 in','9-in'),(722,204,2,'16 GB','16-gb'),(723,204,3,'512 GB','512-gb'),(724,204,5,'Văn phòng','van-phong'),(725,205,1,'13 in','13-in'),(726,205,2,'4 GB','4-gb'),(727,205,3,'256 GB','256-gb'),(728,205,5,'Đồ họa','do-hoa'),(729,206,1,'13 in','13-in'),(730,206,2,'8 GB','8-gb'),(731,206,3,'128 GB','128-gb'),(732,206,5,'Gaming','gaming'),(733,207,1,'13 in','13-in'),(734,207,2,'4 GB','4-gb'),(735,207,3,'512 GB','512-gb'),(736,207,5,'Văn phòng','van-phong'),(737,208,1,'12 in','12-in'),(738,208,2,'16 GB','16-gb'),(739,208,3,'64 GB','64-gb'),(740,208,5,'Đồ họa','do-hoa'),(741,209,1,'9 in','9-in'),(742,209,2,'16 GB','16-gb'),(743,209,3,'256 GB','256-gb'),(744,209,5,'Gaming','gaming'),(745,210,1,'12 in','12-in'),(746,210,2,'16 GB','16-gb'),(747,210,3,'1024 GB','1024-gb'),(748,210,5,'Văn phòng','van-phong'),(749,211,1,'13 in','13-in'),(750,211,2,'4 GB','4-gb'),(751,211,3,'256 GB','256-gb'),(752,211,5,'Đồ họa','do-hoa'),(753,212,1,'12 in','12-in'),(754,212,2,'32 GB','32-gb'),(755,212,3,'128 GB','128-gb'),(756,212,5,'Gaming','gaming'),(757,213,1,'9 in','9-in'),(758,213,2,'8 GB','8-gb'),(759,213,3,'512 GB','512-gb'),(760,213,5,'Văn phòng','van-phong'),(761,214,1,'10 in','10-in'),(762,214,2,'8 GB','8-gb'),(763,214,3,'256 GB','256-gb'),(764,214,5,'Đồ họa','do-hoa'),(765,215,1,'27 in','27-in'),(766,215,5,'Gaming','gaming'),(767,215,6,'Cong','cong'),(768,215,7,'144 Hz','144-hz'),(769,215,8,'VGA','vga'),(770,216,1,'27 in','27-in'),(771,216,5,'Văn phòng','van-phong'),(772,216,6,'Phẳng','phang'),(773,216,7,'165 Hz','165-hz'),(774,216,8,'HDMI','hdmi'),(775,217,1,'30 in','30-in'),(776,217,5,'Đồ họa','do-hoa'),(777,217,6,'Cong','cong'),(778,217,7,'60 Hz','60-hz'),(779,217,8,'USB Type C','usb-type-c'),(780,218,1,'30 in','30-in'),(781,218,5,'Gaming','gaming'),(782,218,6,'Phẳng','phang'),(783,218,7,'144 Hz','144-hz'),(784,218,8,'Display Port','display-port'),(785,219,1,'30 in','30-in'),(786,219,5,'Văn phòng','van-phong'),(787,219,6,'Cong','cong'),(788,219,7,'75 Hz','75-hz'),(789,219,8,'Display Port','display-port'),(790,220,1,'24 in','24-in'),(791,220,5,'Đồ họa','do-hoa'),(792,220,6,'Phẳng','phang'),(793,220,7,'60 Hz','60-hz'),(794,220,8,'VGA','vga'),(795,221,1,'24 in','24-in'),(796,221,5,'Gaming','gaming'),(797,221,6,'Cong','cong'),(798,221,7,'75 Hz','75-hz'),(799,221,8,'VGA','vga'),(800,222,1,'30 in','30-in'),(801,222,5,'Văn phòng','van-phong'),(802,222,6,'Phẳng','phang'),(803,222,7,'100 Hz','100-hz'),(804,222,8,'USB Type C','usb-type-c'),(805,223,1,'30 in','30-in'),(806,223,5,'Đồ họa','do-hoa'),(807,223,6,'Cong','cong'),(808,223,7,'180 Hz','180-hz'),(809,223,8,'USB','usb'),(810,224,1,'24 in','24-in'),(811,224,5,'Gaming','gaming'),(812,224,6,'Phẳng','phang'),(813,224,7,'144 Hz','144-hz'),(814,224,8,'USB','usb'),(815,225,1,'30 in','30-in'),(816,225,5,'Văn phòng','van-phong'),(817,225,6,'Cong','cong'),(818,225,7,'100 Hz','100-hz'),(819,225,8,'Display Port','display-port'),(820,226,1,'27 in','27-in'),(821,226,5,'Đồ họa','do-hoa'),(822,226,6,'Phẳng','phang'),(823,226,7,'165 Hz','165-hz'),(824,226,8,'USB','usb'),(825,227,1,'27 in','27-in'),(826,227,5,'Gaming','gaming'),(827,227,6,'Cong','cong'),(828,227,7,'100 Hz','100-hz'),(829,227,8,'HDMI','hdmi'),(830,228,1,'24 in','24-in'),(831,228,5,'Văn phòng','van-phong'),(832,228,6,'Phẳng','phang'),(833,228,7,'144 Hz','144-hz'),(834,228,8,'Display Port','display-port'),(835,229,1,'27 in','27-in'),(836,229,5,'Đồ họa','do-hoa'),(837,229,6,'Cong','cong'),(838,229,7,'165 Hz','165-hz'),(839,229,8,'USB Type C','usb-type-c'),(840,230,1,'24 in','24-in'),(841,230,5,'Gaming','gaming'),(842,230,6,'Phẳng','phang'),(843,230,7,'75 Hz','75-hz'),(844,230,8,'Display Port','display-port'),(845,231,1,'30 in','30-in'),(846,231,5,'Văn phòng','van-phong'),(847,231,6,'Cong','cong'),(848,231,7,'165 Hz','165-hz'),(849,231,8,'USB Type C','usb-type-c'),(850,232,1,'24 in','24-in'),(851,232,5,'Đồ họa','do-hoa'),(852,232,6,'Phẳng','phang'),(853,232,7,'180 Hz','180-hz'),(854,232,8,'VGA','vga'),(855,233,1,'30 in','30-in'),(856,233,5,'Gaming','gaming'),(857,233,6,'Cong','cong'),(858,233,7,'144 Hz','144-hz'),(859,233,8,'HDMI','hdmi'),(860,234,1,'24 in','24-in'),(861,234,5,'Văn phòng','van-phong'),(862,234,6,'Phẳng','phang'),(863,234,7,'60 Hz','60-hz'),(864,234,8,'HDMI','hdmi'),(865,235,1,'30 in','30-in'),(866,235,5,'Đồ họa','do-hoa'),(867,235,6,'Cong','cong'),(868,235,7,'60 Hz','60-hz'),(869,235,8,'HDMI','hdmi'),(870,236,1,'27 in','27-in'),(871,236,5,'Gaming','gaming'),(872,236,6,'Phẳng','phang'),(873,236,7,'180 Hz','180-hz'),(874,236,8,'USB','usb'),(875,237,1,'30 in','30-in'),(876,237,5,'Văn phòng','van-phong'),(877,237,6,'Cong','cong'),(878,237,7,'60 Hz','60-hz'),(879,237,8,'HDMI','hdmi'),(880,238,1,'30 in','30-in'),(881,238,5,'Đồ họa','do-hoa'),(882,238,6,'Phẳng','phang'),(883,238,7,'60 Hz','60-hz'),(884,238,8,'Display Port','display-port'),(885,239,1,'30 in','30-in'),(886,239,5,'Gaming','gaming'),(887,239,6,'Cong','cong'),(888,239,7,'75 Hz','75-hz'),(889,239,8,'HDMI','hdmi'),(890,240,1,'24 in','24-in'),(891,240,5,'Văn phòng','van-phong'),(892,240,6,'Phẳng','phang'),(893,240,7,'144 Hz','144-hz'),(894,240,8,'HDMI','hdmi'),(895,241,1,'27 in','27-in'),(896,241,5,'Đồ họa','do-hoa'),(897,241,6,'Cong','cong'),(898,241,7,'100 Hz','100-hz'),(899,241,8,'VGA','vga'),(900,242,1,'24 in','24-in'),(901,242,5,'Gaming','gaming'),(902,242,6,'Phẳng','phang'),(903,242,7,'60 Hz','60-hz'),(904,242,8,'VGA','vga'),(905,243,1,'30 in','30-in'),(906,243,5,'Văn phòng','van-phong'),(907,243,6,'Cong','cong'),(908,243,7,'60 Hz','60-hz'),(909,243,8,'Display Port','display-port'),(910,244,1,'27 in','27-in'),(911,244,5,'Đồ họa','do-hoa'),(912,244,6,'Phẳng','phang'),(913,244,7,'60 Hz','60-hz'),(914,244,8,'HDMI','hdmi'),(915,245,1,'27 in','27-in'),(916,245,5,'Gaming','gaming'),(917,245,6,'Cong','cong'),(918,245,7,'180 Hz','180-hz'),(919,245,8,'HDMI','hdmi'),(920,246,1,'27 in','27-in'),(921,246,5,'Văn phòng','van-phong'),(922,246,6,'Phẳng','phang'),(923,246,7,'165 Hz','165-hz'),(924,246,8,'HDMI','hdmi'),(925,247,1,'27 in','27-in'),(926,247,5,'Đồ họa','do-hoa'),(927,247,6,'Cong','cong'),(928,247,7,'165 Hz','165-hz'),(929,247,8,'Display Port','display-port'),(930,248,1,'27 in','27-in'),(931,248,5,'Gaming','gaming'),(932,248,6,'Phẳng','phang'),(933,248,7,'180 Hz','180-hz'),(934,248,8,'USB Type C','usb-type-c'),(935,249,1,'30 in','30-in'),(936,249,5,'Văn phòng','van-phong'),(937,249,6,'Cong','cong'),(938,249,7,'180 Hz','180-hz'),(939,249,8,'Display Port','display-port'),(940,250,1,'27 in','27-in'),(941,250,5,'Đồ họa','do-hoa'),(942,250,6,'Phẳng','phang'),(943,250,7,'60 Hz','60-hz'),(944,250,8,'HDMI','hdmi'),(945,251,1,'27 in','27-in'),(946,251,5,'Gaming','gaming'),(947,251,6,'Cong','cong'),(948,251,7,'144 Hz','144-hz'),(949,251,8,'HDMI','hdmi'),(950,252,1,'27 in','27-in'),(951,252,5,'Văn phòng','van-phong'),(952,252,6,'Phẳng','phang'),(953,252,7,'165 Hz','165-hz'),(954,252,8,'USB Type C','usb-type-c'),(955,253,1,'27 in','27-in'),(956,253,5,'Đồ họa','do-hoa'),(957,253,6,'Cong','cong'),(958,253,7,'75 Hz','75-hz'),(959,253,8,'HDMI','hdmi'),(960,254,1,'30 in','30-in'),(961,254,5,'Gaming','gaming'),(962,254,6,'Phẳng','phang'),(963,254,7,'144 Hz','144-hz'),(964,254,8,'VGA','vga'),(965,255,1,'27 in','27-in'),(966,255,5,'Văn phòng','van-phong'),(967,255,6,'Cong','cong'),(968,255,7,'100 Hz','100-hz'),(969,255,8,'VGA','vga'),(970,256,1,'27 in','27-in'),(971,256,5,'Đồ họa','do-hoa'),(972,256,6,'Phẳng','phang'),(973,256,7,'100 Hz','100-hz'),(974,256,8,'Display Port','display-port'),(975,257,1,'27 in','27-in'),(976,257,5,'Gaming','gaming'),(977,257,6,'Cong','cong'),(978,257,7,'165 Hz','165-hz'),(979,257,8,'VGA','vga'),(980,258,1,'24 in','24-in'),(981,258,5,'Văn phòng','van-phong'),(982,258,6,'Phẳng','phang'),(983,258,7,'144 Hz','144-hz'),(984,258,8,'USB Type C','usb-type-c'),(985,259,1,'27 in','27-in'),(986,259,5,'Đồ họa','do-hoa'),(987,259,6,'Cong','cong'),(988,259,7,'100 Hz','100-hz'),(989,259,8,'Display Port','display-port'),(990,260,1,'30 in','30-in'),(991,260,5,'Gaming','gaming'),(992,260,6,'Phẳng','phang'),(993,260,7,'75 Hz','75-hz'),(994,260,8,'Display Port','display-port'),(995,261,1,'27 in','27-in'),(996,261,5,'Văn phòng','van-phong'),(997,261,6,'Cong','cong'),(998,261,7,'100 Hz','100-hz'),(999,261,8,'HDMI','hdmi'),(1000,262,5,'Văn phòng','van-phong'),(1001,262,6,'Phẳng','phang'),(1002,262,7,'144 Hz','144-hz'),(1003,262,1,'24 in','24-in'),(1004,262,8,'HDMI','hdmi'),(1005,263,5,'Gaming','gaming'),(1006,263,6,'Cong','cong'),(1007,263,7,'60 Hz','60-hz'),(1008,263,1,'27 in','27-in'),(1009,263,8,'USB','usb'),(1010,264,5,'Văn phòng','van-phong'),(1011,264,6,'Phẳng','phang'),(1012,264,7,'180 Hz','180-hz'),(1013,264,1,'30 in','30-in'),(1014,264,8,'VGA','vga'),(1015,265,5,'Văn phòng','van-phong'),(1016,265,6,'Cong','cong'),(1017,265,7,'165 Hz','165-hz'),(1018,265,1,'24 in','24-in'),(1019,265,8,'USB Type C','usb-type-c'),(1020,266,5,'Gaming','gaming'),(1021,266,6,'Phẳng','phang'),(1022,266,7,'100 Hz','100-hz'),(1023,266,1,'27 in','27-in'),(1024,266,8,'Display Port','display-port'),(1025,267,5,'Văn phòng','van-phong'),(1026,267,6,'Cong','cong'),(1027,267,7,'75 Hz','75-hz'),(1028,267,1,'30 in','30-in'),(1029,267,8,'30 in','30-in'),(1030,268,5,'Văn phòng','van-phong'),(1031,268,6,'Phẳng','phang'),(1032,268,7,'144 Hz','144-hz'),(1033,268,1,'24 in','24-in'),(1034,268,8,'24 in','24-in'),(1035,269,5,'Gaming','gaming'),(1036,269,6,'Cong','cong'),(1037,269,7,'60 Hz','60-hz'),(1038,269,1,'27 in','27-in'),(1039,269,8,'27 in','27-in'),(1040,270,5,'Văn phòng','van-phong'),(1041,270,6,'Phẳng','phang'),(1042,270,7,'180 Hz','180-hz'),(1043,270,1,'30 in','30-in'),(1044,270,8,'30 in','30-in'),(1045,271,5,'Văn phòng','van-phong'),(1046,271,6,'Cong','cong'),(1047,271,7,'165 Hz','165-hz'),(1048,271,1,'24 in','24-in'),(1049,271,8,'24 in','24-in'),(1050,272,5,'Gaming','gaming'),(1051,272,6,'Phẳng','phang'),(1052,272,7,'100 Hz','100-hz'),(1053,272,1,'27 in','27-in'),(1054,272,8,'27 in','27-in'),(1055,273,5,'Văn phòng','van-phong'),(1056,273,6,'Cong','cong'),(1057,273,7,'75 Hz','75-hz'),(1058,273,1,'30 in','30-in'),(1059,273,8,'30 in','30-in'),(1060,274,5,'Văn phòng','van-phong'),(1061,274,6,'Phẳng','phang'),(1062,274,7,'144 Hz','144-hz'),(1063,274,1,'24 in','24-in'),(1064,274,8,'24 in','24-in'),(1065,275,5,'Gaming','gaming'),(1066,275,6,'Cong','cong'),(1067,275,7,'60 Hz','60-hz'),(1068,275,1,'27 in','27-in'),(1069,275,8,'27 in','27-in'),(1070,276,5,'Văn phòng','van-phong'),(1071,276,6,'Phẳng','phang'),(1072,276,7,'180 Hz','180-hz'),(1073,276,1,'30 in','30-in'),(1074,276,8,'30 in','30-in'),(1075,277,5,'Văn phòng','van-phong'),(1076,277,6,'Cong','cong'),(1077,277,7,'165 Hz','165-hz'),(1078,277,1,'24 in','24-in'),(1079,277,8,'24 in','24-in'),(1080,278,5,'Gaming','gaming'),(1081,278,6,'Phẳng','phang'),(1082,278,7,'100 Hz','100-hz'),(1083,278,1,'27 in','27-in'),(1084,278,8,'27 in','27-in'),(1085,279,5,'Văn phòng','van-phong'),(1086,279,6,'Cong','cong'),(1087,279,7,'75 Hz','75-hz'),(1088,279,1,'30 in','30-in'),(1089,279,8,'30 in','30-in'),(1090,280,5,'Văn phòng','van-phong'),(1091,280,6,'Phẳng','phang'),(1092,280,7,'144 Hz','144-hz'),(1093,280,1,'24 in','24-in'),(1094,280,8,'24 in','24-in'),(1095,281,5,'Gaming','gaming'),(1096,281,6,'Cong','cong'),(1097,281,7,'60 Hz','60-hz'),(1098,281,1,'27 in','27-in'),(1099,281,8,'27 in','27-in'),(1100,282,5,'Văn phòng','van-phong'),(1101,282,6,'Phẳng','phang'),(1102,282,7,'180 Hz','180-hz'),(1103,282,1,'30 in','30-in'),(1104,282,8,'30 in','30-in'),(1105,283,5,'Văn phòng','van-phong'),(1106,283,6,'Cong','cong'),(1107,283,7,'165 Hz','165-hz'),(1108,283,1,'24 in','24-in'),(1109,283,8,'24 in','24-in'),(1110,284,5,'Gaming','gaming'),(1111,284,6,'Phẳng','phang'),(1112,284,7,'100 Hz','100-hz'),(1113,284,1,'27 in','27-in'),(1114,284,8,'27 in','27-in'),(1115,285,5,'Văn phòng','van-phong'),(1116,285,6,'Cong','cong'),(1117,285,7,'75 Hz','75-hz'),(1118,285,1,'30 in','30-in'),(1119,285,8,'30 in','30-in'),(1120,286,5,'Văn phòng','van-phong'),(1121,286,6,'Phẳng','phang'),(1122,286,7,'144 Hz','144-hz'),(1123,286,1,'24 in','24-in'),(1124,286,8,'24 in','24-in'),(1125,287,5,'Gaming','gaming'),(1126,287,6,'Cong','cong'),(1127,287,7,'60 Hz','60-hz'),(1128,287,1,'27 in','27-in'),(1129,287,8,'27 in','27-in'),(1130,288,5,'Văn phòng','van-phong'),(1131,288,6,'Phẳng','phang'),(1132,288,7,'180 Hz','180-hz'),(1133,288,1,'30 in','30-in'),(1134,288,8,'30 in','30-in'),(1135,289,5,'Văn phòng','van-phong'),(1136,289,6,'Cong','cong'),(1137,289,7,'165 Hz','165-hz'),(1138,289,1,'24 in','24-in'),(1139,289,8,'24 in','24-in'),(1140,290,5,'Gaming','gaming'),(1141,290,6,'Phẳng','phang'),(1142,290,7,'100 Hz','100-hz'),(1143,290,1,'27 in','27-in'),(1144,290,8,'27 in','27-in'),(1145,291,5,'Văn phòng','van-phong'),(1146,291,6,'Cong','cong'),(1147,291,7,'75 Hz','75-hz'),(1148,291,1,'30 in','30-in'),(1149,291,8,'30 in','30-in'),(1150,292,5,'Văn phòng','van-phong'),(1151,292,6,'Phẳng','phang'),(1152,292,7,'144 Hz','144-hz'),(1153,292,1,'24 in','24-in'),(1154,292,8,'24 in','24-in'),(1155,293,5,'Gaming','gaming'),(1156,293,6,'Cong','cong'),(1157,293,7,'60 Hz','60-hz'),(1158,293,1,'27 in','27-in'),(1159,293,8,'27 in','27-in'),(1160,294,5,'Văn phòng','van-phong'),(1161,294,6,'Phẳng','phang'),(1162,294,7,'180 Hz','180-hz'),(1163,294,1,'30 in','30-in'),(1164,294,8,'30 in','30-in'),(1165,295,5,'Văn phòng','van-phong'),(1166,295,6,'Cong','cong'),(1167,295,7,'165 Hz','165-hz'),(1168,295,1,'24 in','24-in'),(1169,295,8,'24 in','24-in'),(1170,296,5,'Gaming','gaming'),(1171,296,6,'Phẳng','phang'),(1172,296,7,'100 Hz','100-hz'),(1173,296,1,'27 in','27-in'),(1174,296,8,'27 in','27-in'),(1175,297,5,'Văn phòng','van-phong'),(1176,297,6,'Cong','cong'),(1177,297,7,'75 Hz','75-hz'),(1178,297,1,'30 in','30-in'),(1179,297,8,'30 in','30-in'),(1180,298,5,'Văn phòng','van-phong'),(1181,298,6,'Phẳng','phang'),(1182,298,7,'144 Hz','144-hz'),(1183,298,1,'24 in','24-in'),(1184,298,8,'24 in','24-in'),(1185,299,5,'Gaming','gaming'),(1186,299,6,'Cong','cong'),(1187,299,7,'60 Hz','60-hz'),(1188,299,1,'27 in','27-in'),(1189,299,8,'27 in','27-in'),(1190,300,5,'Văn phòng','van-phong'),(1191,300,6,'Phẳng','phang'),(1192,300,7,'180 Hz','180-hz'),(1193,300,1,'30 in','30-in'),(1194,300,8,'30 in','30-in'),(1195,301,5,'Văn phòng','van-phong'),(1196,301,6,'Cong','cong'),(1197,301,7,'165 Hz','165-hz'),(1198,301,1,'24 in','24-in'),(1199,301,8,'24 in','24-in'),(1200,302,5,'Gaming','gaming'),(1201,302,6,'Phẳng','phang'),(1202,302,7,'100 Hz','100-hz'),(1203,302,1,'27 in','27-in'),(1204,302,8,'27 in','27-in'),(1205,303,5,'Văn phòng','van-phong'),(1206,303,6,'Cong','cong'),(1207,303,7,'75 Hz','75-hz'),(1208,303,1,'30 in','30-in'),(1209,303,8,'30 in','30-in'),(1210,304,5,'Văn phòng','van-phong'),(1211,304,6,'Phẳng','phang'),(1212,304,7,'144 Hz','144-hz'),(1213,304,1,'24 in','24-in'),(1214,304,8,'24 in','24-in'),(1215,305,5,'Gaming','gaming'),(1216,305,6,'Cong','cong'),(1217,305,7,'60 Hz','60-hz'),(1218,305,1,'27 in','27-in'),(1219,305,8,'27 in','27-in'),(1220,306,5,'Văn phòng','van-phong'),(1221,306,6,'Phẳng','phang'),(1222,306,7,'180 Hz','180-hz'),(1223,306,1,'30 in','30-in'),(1224,306,8,'30 in','30-in'),(1225,307,9,'Điều khiển giọng nói','dieu-khien-giong-noi'),(1226,307,10,'Nghe nhạc sôi động','nghe-nhac-soi-dong'),(1227,308,9,'Sạc không dây','sac-khong-day'),(1228,308,10,'Nghe nhạc trữ tình','nghe-nhac-tru-tinh'),(1229,309,9,'Có mic đàm thoại','co-mic-dam-thoai'),(1230,309,10,'Luyện tập thể thao','luyen-tap-the-thao'),(1231,310,9,'Xuyên âm','xuyen-am'),(1232,310,10,'Chơi Game','choi-game'),(1233,311,9,'Chống ồn','chong-on'),(1234,311,10,'Nghe gọi tốt','nghe-goi-tot'),(1235,312,9,'Điều khiển giọng nói','dieu-khien-giong-noi'),(1236,312,10,'Nghe nhạc sôi động','nghe-nhac-soi-dong'),(1237,313,9,'Sạc không dây','sac-khong-day'),(1238,313,10,'Nghe nhạc trữ tình','nghe-nhac-tru-tinh'),(1239,314,9,'Có mic đàm thoại','co-mic-dam-thoai'),(1240,314,10,'Luyện tập thể thao','luyen-tap-the-thao'),(1241,315,9,'Xuyên âm','xuyen-am'),(1242,315,10,'Chơi Game','choi-game'),(1243,316,9,'Chống ồn','chong-on'),(1244,316,10,'Nghe gọi tốt','nghe-goi-tot'),(1245,317,9,'Điều khiển giọng nói','dieu-khien-giong-noi'),(1246,317,10,'Nghe nhạc sôi động','nghe-nhac-soi-dong'),(1247,318,9,'Sạc không dây','sac-khong-day'),(1248,318,10,'Nghe nhạc trữ tình','nghe-nhac-tru-tinh'),(1249,319,9,'Có mic đàm thoại','co-mic-dam-thoai'),(1250,319,10,'Luyện tập thể thao','luyen-tap-the-thao'),(1251,320,9,'Xuyên âm','xuyen-am'),(1252,320,10,'Chơi Game','choi-game'),(1253,321,9,'Chống ồn','chong-on'),(1254,321,10,'Nghe gọi tốt','nghe-goi-tot'),(1255,322,9,'Điều khiển giọng nói','dieu-khien-giong-noi'),(1256,322,10,'Nghe nhạc sôi động','nghe-nhac-soi-dong'),(1257,323,9,'Sạc không dây','sac-khong-day'),(1258,323,10,'Nghe nhạc trữ tình','nghe-nhac-tru-tinh'),(1259,324,9,'Có mic đàm thoại','co-mic-dam-thoai'),(1260,324,10,'Luyện tập thể thao','luyen-tap-the-thao'),(1261,325,9,'Xuyên âm','xuyen-am'),(1262,325,10,'Chơi Game','choi-game'),(1263,326,9,'Chống ồn','chong-on'),(1264,326,10,'Nghe gọi tốt','nghe-goi-tot'),(1265,327,9,'Điều khiển giọng nói','dieu-khien-giong-noi'),(1266,327,10,'Nghe nhạc sôi động','nghe-nhac-soi-dong'),(1267,328,9,'Sạc không dây','sac-khong-day'),(1268,328,10,'Nghe nhạc trữ tình','nghe-nhac-tru-tinh'),(1269,329,9,'Có mic đàm thoại','co-mic-dam-thoai'),(1270,329,10,'Luyện tập thể thao','luyen-tap-the-thao'),(1271,330,9,'Xuyên âm','xuyen-am'),(1272,330,10,'Chơi Game','choi-game'),(1273,331,9,'Chống ồn','chong-on'),(1274,331,10,'Nghe gọi tốt','nghe-goi-tot'),(1275,332,9,'Điều khiển giọng nói','dieu-khien-giong-noi'),(1276,332,10,'Nghe nhạc sôi động','nghe-nhac-soi-dong'),(1277,333,9,'Sạc không dây','sac-khong-day'),(1278,333,10,'Nghe nhạc trữ tình','nghe-nhac-tru-tinh'),(1279,334,9,'Có mic đàm thoại','co-mic-dam-thoai'),(1280,334,10,'Luyện tập thể thao','luyen-tap-the-thao'),(1281,335,9,'Xuyên âm','xuyen-am'),(1282,335,10,'Chơi Game','choi-game'),(1283,336,9,'Chống ồn','chong-on'),(1284,336,10,'Nghe gọi tốt','nghe-goi-tot'),(1285,337,9,'Điều khiển giọng nói','dieu-khien-giong-noi'),(1286,337,10,'Nghe nhạc sôi động','nghe-nhac-soi-dong'),(1287,338,9,'Sạc không dây','sac-khong-day'),(1288,338,10,'Nghe nhạc trữ tình','nghe-nhac-tru-tinh'),(1289,339,9,'Có mic đàm thoại','co-mic-dam-thoai'),(1290,339,10,'Luyện tập thể thao','luyen-tap-the-thao'),(1291,340,9,'Xuyên âm','xuyen-am'),(1292,340,10,'Chơi Game','choi-game'),(1293,341,9,'Chống ồn','chong-on'),(1294,341,10,'Nghe gọi tốt','nghe-goi-tot'),(1295,342,9,'Điều khiển giọng nói','dieu-khien-giong-noi'),(1296,342,10,'Nghe nhạc sôi động','nghe-nhac-soi-dong'),(1297,343,9,'Sạc không dây','sac-khong-day'),(1298,343,10,'Nghe nhạc trữ tình','nghe-nhac-tru-tinh'),(1299,344,9,'Có mic đàm thoại','co-mic-dam-thoai'),(1300,344,10,'Luyện tập thể thao','luyen-tap-the-thao'),(1301,345,9,'Xuyên âm','xuyen-am'),(1302,345,10,'Chơi Game','choi-game'),(1303,346,9,'Chống ồn','chong-on'),(1304,346,10,'Nghe gọi tốt','nghe-goi-tot'),(1305,347,9,'Điều khiển giọng nói','dieu-khien-giong-noi'),(1306,347,10,'Nghe nhạc sôi động','nghe-nhac-soi-dong'),(1307,348,9,'Sạc không dây','sac-khong-day'),(1308,348,10,'Nghe nhạc trữ tình','nghe-nhac-tru-tinh'),(1309,349,9,'Có mic đàm thoại','co-mic-dam-thoai'),(1310,349,10,'Luyện tập thể thao','luyen-tap-the-thao'),(1311,350,9,'Xuyên âm','xuyen-am'),(1312,350,10,'Chơi Game','choi-game'),(1313,351,9,'Chống ồn','chong-on'),(1314,351,10,'Nghe gọi tốt','nghe-goi-tot'),(1315,352,9,'Điều khiển giọng nói','dieu-khien-giong-noi'),(1316,352,10,'Nghe nhạc sôi động','nghe-nhac-soi-dong'),(1317,353,9,'Sạc không dây','sac-khong-day'),(1318,353,10,'Nghe nhạc trữ tình','nghe-nhac-tru-tinh'),(1319,354,9,'Có mic đàm thoại','co-mic-dam-thoai'),(1320,354,10,'Luyện tập thể thao','luyen-tap-the-thao'),(1321,355,9,'Xuyên âm','xuyen-am'),(1322,355,10,'Chơi Game','choi-game'),(1323,356,9,'Chống ồn','chong-on'),(1324,356,10,'Nghe gọi tốt','nghe-goi-tot'),(1325,357,9,'Điều khiển giọng nói','dieu-khien-giong-noi'),(1326,357,10,'Nghe nhạc sôi động','nghe-nhac-soi-dong'),(1327,358,9,'Sạc không dây','sac-khong-day'),(1328,358,10,'Nghe nhạc trữ tình','nghe-nhac-tru-tinh'),(1329,359,9,'Có mic đàm thoại','co-mic-dam-thoai'),(1330,359,10,'Luyện tập thể thao','luyen-tap-the-thao'),(1331,360,9,'Xuyên âm','xuyen-am'),(1332,360,10,'Chơi Game','choi-game'),(1333,361,9,'Chống ồn','chong-on'),(1334,361,10,'Nghe gọi tốt','nghe-goi-tot'),(1335,362,9,'Điều khiển giọng nói','dieu-khien-giong-noi'),(1336,362,10,'Nghe nhạc sôi động','nghe-nhac-soi-dong'),(1337,363,9,'Sạc không dây','sac-khong-day'),(1338,363,10,'Nghe nhạc trữ tình','nghe-nhac-tru-tinh'),(1339,364,9,'Có mic đàm thoại','co-mic-dam-thoai'),(1340,364,10,'Luyện tập thể thao','luyen-tap-the-thao'),(1341,365,9,'Siêu bền','sieu-ben'),(1342,365,11,'Tính calo tiêu thụ','tinh-calo-tieu-thu'),(1343,365,12,'Mặt tròn','mat-tron'),(1344,365,13,'Thép','thep'),(1345,366,9,'Sạc nhanh','sac-nhanh'),(1346,366,11,'Chế độ luyện tập','che-do-luyen-tap'),(1347,366,12,'Mặt vuông','mat-vuong'),(1348,366,13,'Titan','titan'),(1349,367,9,'Truyền dữ liệu nhanh','truyen-du-lieu-nhanh'),(1350,367,11,'Phát hiện té ngã','phat-hien-te-nga'),(1351,367,12,'Mặt chữ nhật','mat-chu-nhat'),(1352,367,13,'Nhôm','nhom'),(1353,368,9,'Sạc nhanh Power Delivery','sac-nhanh-power-delivery'),(1354,368,11,'Theo dõi giấc ngủ','theo-doi-giac-ngu'),(1355,368,12,'Mặt tròn','mat-tron'),(1356,368,13,'Thép','thep'),(1357,369,9,'Sạc không dây','sac-khong-day'),(1358,369,11,'Đo mức độ stress','do-muc-do-stress'),(1359,369,12,'Mặt vuông','mat-vuong'),(1360,369,13,'Titan','titan'),(1361,370,9,'Bọc vải','boc-vai'),(1362,370,11,'Cảm biến nhiệt độ','cam-bien-nhiet-do'),(1363,370,12,'Mặt chữ nhật','mat-chu-nhat'),(1364,370,13,'Nhôm','nhom'),(1365,371,9,'Siêu bền','sieu-ben'),(1366,371,11,'Đếm bước chân','dem-buoc-chan'),(1367,371,12,'Mặt tròn','mat-tron'),(1368,371,13,'Thép','thep'),(1369,372,9,'Sạc nhanh','sac-nhanh'),(1370,372,11,'Đo nhịp tim','do-nhip-tim'),(1371,372,12,'Mặt vuông','mat-vuong'),(1372,372,13,'Titan','titan'),(1373,373,9,'Truyền dữ liệu nhanh','truyen-du-lieu-nhanh'),(1374,373,11,'Theo dõi chu kỳ','theo-doi-chu-ky'),(1375,373,12,'Mặt chữ nhật','mat-chu-nhat'),(1376,373,13,'Nhôm','nhom'),(1377,374,9,'Sạc nhanh Power Delivery','sac-nhanh-power-delivery'),(1378,374,11,'Đo điện tâm đồ','do-dien-tam-do'),(1379,374,12,'Mặt tròn','mat-tron'),(1380,374,13,'Thép','thep'),(1381,375,9,'Sạc không dây','sac-khong-day'),(1382,375,11,'Đo lượng oxy trong máu','do-luong-oxy-trong-mau'),(1383,375,12,'Mặt vuông','mat-vuong'),(1384,375,13,'Titan','titan'),(1385,376,9,'Bọc vải','boc-vai'),(1386,376,11,'Tính calo tiêu thụ','tinh-calo-tieu-thu'),(1387,376,12,'Mặt chữ nhật','mat-chu-nhat'),(1388,376,13,'Nhôm','nhom'),(1389,377,9,'Siêu bền','sieu-ben'),(1390,377,11,'Chế độ luyện tập','che-do-luyen-tap'),(1391,377,12,'Mặt tròn','mat-tron'),(1392,377,13,'Thép','thep'),(1393,378,9,'Sạc nhanh','sac-nhanh'),(1394,378,11,'Phát hiện té ngã','phat-hien-te-nga'),(1395,378,12,'Mặt vuông','mat-vuong'),(1396,378,13,'Titan','titan'),(1397,379,9,'Truyền dữ liệu nhanh','truyen-du-lieu-nhanh'),(1398,379,11,'Theo dõi giấc ngủ','theo-doi-giac-ngu'),(1399,379,12,'Mặt chữ nhật','mat-chu-nhat'),(1400,379,13,'Nhôm','nhom'),(1401,380,9,'Sạc nhanh Power Delivery','sac-nhanh-power-delivery'),(1402,380,11,'Đo mức độ stress','do-muc-do-stress'),(1403,380,12,'Mặt tròn','mat-tron'),(1404,380,13,'Thép','thep'),(1405,381,9,'Sạc không dây','sac-khong-day'),(1406,381,11,'Cảm biến nhiệt độ','cam-bien-nhiet-do'),(1407,381,12,'Mặt vuông','mat-vuong'),(1408,381,13,'Titan','titan'),(1409,382,9,'Bọc vải','boc-vai'),(1410,382,11,'Đếm bước chân','dem-buoc-chan'),(1411,382,12,'Mặt chữ nhật','mat-chu-nhat'),(1412,382,13,'Nhôm','nhom'),(1413,383,9,'Siêu bền','sieu-ben'),(1414,383,11,'Đo nhịp tim','do-nhip-tim'),(1415,383,12,'Mặt tròn','mat-tron'),(1416,383,13,'Thép','thep'),(1417,384,9,'Sạc nhanh','sac-nhanh'),(1418,384,11,'Theo dõi chu kỳ','theo-doi-chu-ky'),(1419,384,12,'Mặt vuông','mat-vuong'),(1420,384,13,'Titan','titan'),(1421,385,9,'Truyền dữ liệu nhanh','truyen-du-lieu-nhanh'),(1422,385,11,'Đo điện tâm đồ','do-dien-tam-do'),(1423,385,12,'Mặt chữ nhật','mat-chu-nhat'),(1424,385,13,'Nhôm','nhom'),(1425,386,9,'Sạc nhanh Power Delivery','sac-nhanh-power-delivery'),(1426,386,11,'Đo lượng oxy trong máu','do-luong-oxy-trong-mau'),(1427,386,12,'Mặt tròn','mat-tron'),(1428,386,13,'Thép','thep'),(1429,387,9,'Sạc không dây','sac-khong-day'),(1430,387,11,'Tính calo tiêu thụ','tinh-calo-tieu-thu'),(1431,387,12,'Mặt vuông','mat-vuong'),(1432,387,13,'Titan','titan'),(1433,388,9,'Bọc vải','boc-vai'),(1434,388,11,'Chế độ luyện tập','che-do-luyen-tap'),(1435,388,12,'Mặt chữ nhật','mat-chu-nhat'),(1436,388,13,'Nhôm','nhom'),(1437,389,9,'Siêu bền','sieu-ben'),(1438,389,11,'Phát hiện té ngã','phat-hien-te-nga'),(1439,389,12,'Mặt tròn','mat-tron'),(1440,389,13,'Thép','thep'),(1441,390,9,'Sạc nhanh','sac-nhanh'),(1442,390,11,'Theo dõi giấc ngủ','theo-doi-giac-ngu'),(1443,390,12,'Mặt vuông','mat-vuong'),(1444,390,13,'Titan','titan'),(1445,391,9,'Truyền dữ liệu nhanh','truyen-du-lieu-nhanh'),(1446,391,11,'Đo mức độ stress','do-muc-do-stress'),(1447,391,12,'Mặt chữ nhật','mat-chu-nhat'),(1448,391,13,'Nhôm','nhom'),(1449,392,9,'Sạc nhanh Power Delivery','sac-nhanh-power-delivery'),(1450,392,11,'Cảm biến nhiệt độ','cam-bien-nhiet-do'),(1451,392,12,'Mặt tròn','mat-tron'),(1452,392,13,'Thép','thep'),(1453,393,9,'Sạc không dây','sac-khong-day'),(1454,393,11,'Đếm bước chân','dem-buoc-chan'),(1455,393,12,'Mặt vuông','mat-vuong'),(1456,393,13,'Titan','titan'),(1457,394,9,'Bọc vải','boc-vai'),(1458,394,11,'Đo nhịp tim','do-nhip-tim'),(1459,394,12,'Mặt chữ nhật','mat-chu-nhat'),(1460,394,13,'Nhôm','nhom'),(1461,395,9,'Siêu bền','sieu-ben'),(1462,395,11,'Theo dõi chu kỳ','theo-doi-chu-ky'),(1463,395,12,'Mặt tròn','mat-tron'),(1464,395,13,'Thép','thep'),(1465,396,9,'Sạc nhanh','sac-nhanh'),(1466,396,11,'Đo điện tâm đồ','do-dien-tam-do'),(1467,396,12,'Mặt vuông','mat-vuong'),(1468,396,13,'Titan','titan'),(1469,397,9,'Truyền dữ liệu nhanh','truyen-du-lieu-nhanh'),(1470,397,11,'Đo lượng oxy trong máu','do-luong-oxy-trong-mau'),(1471,397,12,'Mặt chữ nhật','mat-chu-nhat'),(1472,397,13,'Nhôm','nhom'),(1473,398,9,'Sạc nhanh Power Delivery','sac-nhanh-power-delivery'),(1474,398,11,'Tính calo tiêu thụ','tinh-calo-tieu-thu'),(1475,398,12,'Mặt tròn','mat-tron'),(1476,398,13,'Thép','thep'),(1477,399,9,'Sạc không dây','sac-khong-day'),(1478,399,11,'Chế độ luyện tập','che-do-luyen-tap'),(1479,399,12,'Mặt vuông','mat-vuong'),(1480,399,13,'Titan','titan'),(1481,400,9,'Bọc vải','boc-vai'),(1482,400,11,'Phát hiện té ngã','phat-hien-te-nga'),(1483,400,12,'Mặt chữ nhật','mat-chu-nhat'),(1484,400,13,'Nhôm','nhom'),(1485,401,9,'Siêu bền','sieu-ben'),(1486,401,11,'Theo dõi giấc ngủ','theo-doi-giac-ngu'),(1487,401,12,'Mặt tròn','mat-tron'),(1488,401,13,'Thép','thep'),(1489,402,9,'Sạc nhanh','sac-nhanh'),(1490,402,11,'Đo mức độ stress','do-muc-do-stress'),(1491,402,12,'Mặt vuông','mat-vuong'),(1492,402,13,'Titan','titan'),(1493,403,9,'Truyền dữ liệu nhanh','truyen-du-lieu-nhanh'),(1494,403,11,'Cảm biến nhiệt độ','cam-bien-nhiet-do'),(1495,403,12,'Mặt chữ nhật','mat-chu-nhat'),(1496,403,13,'Nhôm','nhom'),(1497,404,9,'Sạc nhanh Power Delivery','sac-nhanh-power-delivery'),(1498,404,11,'Đếm bước chân','dem-buoc-chan'),(1499,404,12,'Mặt tròn','mat-tron'),(1500,404,13,'Thép','thep'),(1501,405,9,'Sạc không dây','sac-khong-day'),(1502,405,11,'Đo nhịp tim','do-nhip-tim'),(1503,405,12,'Mặt vuông','mat-vuong'),(1504,405,13,'Titan','titan'),(1505,406,9,'Bọc vải','boc-vai'),(1506,406,11,'Theo dõi chu kỳ','theo-doi-chu-ky'),(1507,406,12,'Mặt chữ nhật','mat-chu-nhat'),(1508,406,13,'Nhôm','nhom'),(1509,407,9,'Siêu bền','sieu-ben'),(1510,407,11,'Đo điện tâm đồ','do-dien-tam-do'),(1511,407,12,'Mặt tròn','mat-tron'),(1512,407,13,'Thép','thep'),(1513,408,9,'Sạc nhanh','sac-nhanh'),(1514,408,11,'Đo lượng oxy trong máu','do-luong-oxy-trong-mau'),(1515,408,12,'Mặt vuông','mat-vuong'),(1516,408,13,'Titan','titan'),(1517,409,9,'Truyền dữ liệu nhanh','truyen-du-lieu-nhanh'),(1518,409,11,'Tính calo tiêu thụ','tinh-calo-tieu-thu'),(1519,409,12,'Mặt chữ nhật','mat-chu-nhat'),(1520,409,13,'Nhôm','nhom'),(1521,410,9,'Sạc nhanh Power Delivery','sac-nhanh-power-delivery'),(1522,410,11,'Chế độ luyện tập','che-do-luyen-tap'),(1523,410,12,'Mặt tròn','mat-tron'),(1524,410,13,'Thép','thep'),(1525,411,9,'Sạc không dây','sac-khong-day'),(1526,411,11,'Phát hiện té ngã','phat-hien-te-nga'),(1527,411,12,'Mặt vuông','mat-vuong'),(1528,411,13,'Titan','titan'),(1529,412,9,'Bọc vải','boc-vai'),(1530,412,11,'Theo dõi giấc ngủ','theo-doi-giac-ngu'),(1531,412,12,'Mặt chữ nhật','mat-chu-nhat'),(1532,412,13,'Nhôm','nhom'),(1615,423,1,'6 in','6-in'),(1616,423,2,'8 GB','8-GB'),(1617,423,3,' 128 GB','-128-GB'),(1618,424,1,'20 in','20-in'),(1619,424,2,'16 Gb','16-Gb'),(1620,424,3,'100 GB','100-GB'),(1621,424,4,'abc','abc'),(1622,425,2,'12 Gb','12-Gb'),(1623,425,3,'128 GB','128-GB'),(1624,426,1,'10 in','10-in'),(1625,426,2,'20 GB','20-GB'),(1626,426,3,'1 TB','1-TB'),(1627,426,4,'intel','intel');
/*!40000 ALTER TABLE `product_attributes` ENABLE KEYS */;
UNLOCK TABLES;

--
-- Table structure for table `products`
--

DROP TABLE IF EXISTS `products`;
/*!40101 SET @saved_cs_client     = @@character_set_client */;
/*!50503 SET character_set_client = utf8mb4 */;
CREATE TABLE `products` (
  `id` bigint NOT NULL AUTO_INCREMENT,
  `name` varchar(255) DEFAULT NULL,
  `price` double DEFAULT NULL,
  `discount` bigint DEFAULT NULL,
  `stock` bigint DEFAULT NULL,
  `view_count` bigint DEFAULT NULL,
  `description` varchar(255) DEFAULT NULL,
  `image` varchar(255) DEFAULT NULL,
  `discount_for_member` double DEFAULT NULL,
  `active` bit(1) DEFAULT NULL,
  `brand_id` bigint DEFAULT NULL,
  `category_id` bigint DEFAULT NULL,
  PRIMARY KEY (`id`),
  KEY `FKa3a4mpsfdf4d2y6r8ra3sc8mv` (`brand_id`),
  KEY `FKog2rp4qthbtt2lfyhfo32lsw9` (`category_id`),
  CONSTRAINT `FKa3a4mpsfdf4d2y6r8ra3sc8mv` FOREIGN KEY (`brand_id`) REFERENCES `brands` (`id`),
  CONSTRAINT `FKog2rp4qthbtt2lfyhfo32lsw9` FOREIGN KEY (`category_id`) REFERENCES `categories` (`id`)
) ENGINE=InnoDB AUTO_INCREMENT=427 DEFAULT CHARSET=utf8mb4 COLLATE=utf8mb4_0900_ai_ci;
/*!40101 SET character_set_client = @saved_cs_client */;

--
-- Dumping data for table `products`
--

LOCK TABLES `products` WRITE;
/*!40000 ALTER TABLE `products` DISABLE KEYS */;
INSERT INTO `products` VALUES (1,'iPhone 13 128GB | Chính hãng VN/A',18990000,28,77,5166,'Không phí chuyển đổi khi trả góp 0% qua thẻ tín dụng kỳ hạn 3-6 tháng','https://cellphones.com.vn/media/catalog/product/i/p/iphone-13_2_.png',600000,_binary '',1,1),(2,'iPhone 15 Pro Max 256GB | Chính hãng VN/A',34990000,16,31,9266,'Không phí chuyển đổi khi trả góp 0% qua thẻ tín dụng kỳ hạn 3-6 tháng','https://cellphones.com.vn/media/catalog/product/i/p/iphone-15-pro-max_3.png',400000,_binary '',1,1),(3,'iPhone 15 128GB | Chính hãng VN/A',22990000,17,177,9178,'Không phí chuyển đổi khi trả góp 0% qua thẻ tín dụng kỳ hạn 3-6 tháng','https://cellphones.com.vn/media/catalog/product/i/p/iphone-15-plus_1__1.png',300000,_binary '',1,1),(4,'iPhone 15 Pro 128GB | Chính hãng VN/A',28990000,14,152,1255,'Không phí chuyển đổi khi trả góp 0% qua thẻ tín dụng kỳ hạn 3-6 tháng','https://cellphones.com.vn/media/catalog/product/i/p/iphone-15-pro-max_4.png',700000,_binary '',1,1),(5,'iPhone 14 Pro Max 128GB | Chính hãng VN/A',29990000,11,52,3778,'Không phí chuyển đổi khi trả góp 0% qua thẻ tín dụng kỳ hạn 3-6 tháng','https://cellphones.com.vn/media/catalog/product/i/p/iphone-14-pro_2__5.png',300000,_binary '',1,1),(6,'iPhone 15 Plus 128GB | Chính hãng VN/A',25990000,15,111,4113,'Không phí chuyển đổi khi trả góp 0% qua thẻ tín dụng kỳ hạn 3-6 tháng','https://cellphones.com.vn/media/catalog/product/i/p/iphone-15-plus_1_.png',300000,_binary '',1,1),(7,'iPhone 11 64GB | Chính hãng VN/A',11990000,28,175,4077,'Không phí chuyển đổi khi trả góp 0% qua thẻ tín dụng kỳ hạn 3-6 tháng','https://cellphones.com.vn/media/catalog/product/i/p/iphone-11.png',400000,_binary '',1,1),(8,'iPhone 14 128GB | Chính hãng VN/A',22990000,29,175,6975,'Không phí chuyển đổi khi trả góp 0% qua thẻ tín dụng kỳ hạn 3-6 tháng','https://cellphones.com.vn/media/catalog/product/i/p/iphone-14_1.png',700000,_binary '',1,1),(9,'iPhone 14 Pro 128GB | Chính hãng VN/A',27990000,16,76,8299,'Không phí chuyển đổi khi trả góp 0% qua thẻ tín dụng kỳ hạn 3-6 tháng','https://cellphones.com.vn/media/catalog/product/i/p/iphone-14-pro_2__4.png',700000,_binary '',1,1),(10,'iPhone 14 Plus 128GB | Chính hãng VN/A',24990000,23,112,7394,'Không phí chuyển đổi khi trả góp 0% qua thẻ tín dụng kỳ hạn 3-6 tháng','https://cellphones.com.vn/media/catalog/product/i/p/iphone-14-plus_1_.png',700000,_binary '',1,1),(11,'iPhone 15 Pro 256GB | Chính hãng VN/A',31990000,13,23,2673,'Không phí chuyển đổi khi trả góp 0% qua thẻ tín dụng kỳ hạn 3-6 tháng','https://cellphones.com.vn/media/catalog/product/i/p/iphone-15-pro-256gb.png',400000,_binary '',1,1),(12,'iPhone 11 128GB | Chính hãng VN/A',13990000,30,79,4417,'Không phí chuyển đổi khi trả góp 0% qua thẻ tín dụng kỳ hạn 3-6 tháng','https://cellphones.com.vn/media/catalog/product/i/p/iphone-11-128gb.png',300000,_binary '',1,1),(13,'iPhone 15 Plus 256GB | Chính hãng VN/A',28990000,16,176,8337,'Không phí chuyển đổi khi trả góp 0% qua thẻ tín dụng kỳ hạn 3-6 tháng','https://cellphones.com.vn/media/catalog/product/i/p/iphone-15-plus-256gb_2.png',700000,_binary '',1,1),(14,'iPhone 15 Pro Max 512GB | Chính hãng VN/A',40990000,14,134,1549,'Không phí chuyển đổi khi trả góp 0% qua thẻ tín dụng kỳ hạn 3-6 tháng','https://cellphones.com.vn/media/catalog/product/i/p/iphone-15-pro-max_5.png',700000,_binary '',1,1),(15,'iPhone 14 Pro Max 256GB | Chính hãng VN/A',32990000,15,163,3143,'Không phí chuyển đổi khi trả góp 0% qua thẻ tín dụng kỳ hạn 3-6 tháng','https://cellphones.com.vn/media/catalog/product/i/p/iphone-14-pro-max-256gb.png',700000,_binary '',1,1),(16,'iPhone 15 256GB | Chính hãng VN/A',25990000,13,6,8227,'Không phí chuyển đổi khi trả góp 0% qua thẻ tín dụng kỳ hạn 3-6 tháng','https://cellphones.com.vn/media/catalog/product/i/p/iphone-15-plus-256gb_3.png',500000,_binary '',1,1),(17,'iPhone 13 256GB | Chính hãng VN/A',21990000,23,48,9784,'Không phí chuyển đổi khi trả góp 0% qua thẻ tín dụng kỳ hạn 3-6 tháng','https://cellphones.com.vn/media/catalog/product/1/1/11_3_12_2_1_6.jpg',300000,_binary '',1,1),(18,'iPhone 12 64GB | Chính hãng VN/A',15990000,28,137,2878,'Không phí chuyển đổi khi trả góp 0% qua thẻ tín dụng kỳ hạn 3-6 tháng','https://cellphones.com.vn/media/catalog/product/i/p/iphone-12.png',700000,_binary '',1,1),(19,'iPhone 15 Pro Max 1TB | Chính hãng VN/A',46990000,9,117,3162,'Không phí chuyển đổi khi trả góp 0% qua thẻ tín dụng kỳ hạn 3-6 tháng','https://cellphones.com.vn/media/catalog/product/i/p/iphone-15-pro-256gb_1.png',700000,_binary '',1,1),(20,'Samsung Galaxy S24 Ultra 12GB 256GB',33990000,6,29,5339,'Không phí chuyển đổi khi trả góp 0% qua thẻ tín dụng kỳ hạn 3-6 tháng','https://cellphones.com.vn/media/catalog/product/s/s/ss-s24-ultra-xam-222.png',400000,_binary '',2,1),(21,'Samsung Galaxy S23 Ultra 256GB',31990000,22,12,5965,'Không phí chuyển đổi khi trả góp 0% qua thẻ tín dụng kỳ hạn 3-6 tháng','https://cellphones.com.vn/media/catalog/product/s/a/samsung-s23-ulatra_2__1.png',400000,_binary '',2,1),(22,'Samsung Galaxy M34 5G 8GB 128GB',7990000,21,53,1241,'Không phí chuyển đổi khi trả góp 0% qua thẻ tín dụng kỳ hạn 3-6 tháng','https://cellphones.com.vn/media/catalog/product/s/a/samsung-galaxy-m34-5g_1_2.png',400000,_binary '',2,1),(23,'Samsung Galaxy A15 LTE 8GB 128GB',4990000,10,37,9866,'Không phí chuyển đổi khi trả góp 0% qua thẻ tín dụng kỳ hạn 3-6 tháng','https://cellphones.com.vn/media/catalog/product/g/a/galaxy-a15-xanh-01.png',600000,_binary '',2,1),(24,'Samsung Galaxy Z Flip5 256GB',25990000,23,45,5763,'Không phí chuyển đổi khi trả góp 0% qua thẻ tín dụng kỳ hạn 3-6 tháng','https://cellphones.com.vn/media/catalog/product/s/a/samsung-z-lip5_3_.png',700000,_binary '',2,1),(25,'Samsung Galaxy A54 5G 8GB 128GB',10490000,7,127,8367,'Không phí chuyển đổi khi trả góp 0% qua thẻ tín dụng kỳ hạn 3-6 tháng','https://cellphones.com.vn/media/catalog/product/s/a/samsung-galaxy-a54.png',700000,_binary '',2,1),(26,'Samsung Galaxy A55 5G 8GB 128GB',12487500,20,13,6946,'Không phí chuyển đổi khi trả góp 0% qua thẻ tín dụng kỳ hạn 3-6 tháng','https://cellphones.com.vn/media/catalog/product/s/m/sm-a556_galaxy_a55_awesome_lilac_ui.png',400000,_binary '',2,1),(27,'Samsung Galaxy S23 8GB 128GB - Chỉ có tại CellphoneS',22990000,37,184,818,'Không phí chuyển đổi khi trả góp 0% qua thẻ tín dụng kỳ hạn 3-6 tháng','https://cellphones.com.vn/media/catalog/product/s/a/samsung-s23_1.png',400000,_binary '',2,1),(28,'Samsung Galaxy A05 4GB 128GB',3862500,20,138,7010,'Không phí chuyển đổi khi trả góp 0% qua thẻ tín dụng kỳ hạn 3-6 tháng','https://cellphones.com.vn/media/catalog/product/s/a/samsung-galaxy-a05.png',500000,_binary '',2,1),(29,'Samsung Galaxy A35 5G 8GB 128GB',10362500,20,196,6696,'Không phí chuyển đổi khi trả góp 0% qua thẻ tín dụng kỳ hạn 3-6 tháng','https://cellphones.com.vn/media/catalog/product/s/a/samsung-galaxy-a35_8_.png',300000,_binary '',2,1),(30,'Samsung Galaxy S24 8GB 256GB',22990000,4,23,3102,'Không phí chuyển đổi khi trả góp 0% qua thẻ tín dụng kỳ hạn 3-6 tháng','https://cellphones.com.vn/media/catalog/product/s/2/s24-p-thumb.png',600000,_binary '',2,1),(31,'Samsung Galaxy M14 5G 4GB 128GB',5290000,4,81,7721,'Không phí chuyển đổi khi trả góp 0% qua thẻ tín dụng kỳ hạn 3-6 tháng','https://cellphones.com.vn/media/catalog/product/s/a/samsung-galaxy-m14.png',500000,_binary '',2,1),(32,'Samsung Galaxy A05S 4GB 128GB',3990000,10,158,9225,'Không phí chuyển đổi khi trả góp 0% qua thẻ tín dụng kỳ hạn 3-6 tháng','https://cellphones.com.vn/media/catalog/product/s/a/samsung-galaxy-a05sl.png',500000,_binary '',2,1),(33,'Samsung Galaxy S23 FE 5G 8GB 128GB',14890000,10,127,2750,'Không phí chuyển đổi khi trả góp 0% qua thẻ tín dụng kỳ hạn 3-6 tháng','https://cellphones.com.vn/media/catalog/product/s/a/samsung-s23-fe.png',400000,_binary '',2,1),(34,'Samsung Galaxy A25 5G 6GB 128GB',8237500,20,75,2396,'Không phí chuyển đổi khi trả góp 0% qua thẻ tín dụng kỳ hạn 3-6 tháng','https://cellphones.com.vn/media/catalog/product/g/a/galaxy-a25-xanh-vang.png',300000,_binary '',2,1),(35,'Samsung Galaxy S24 Ultra 12GB 512GB',37490000,5,196,645,'Không phí chuyển đổi khi trả góp 0% qua thẻ tín dụng kỳ hạn 3-6 tháng','https://cellphones.com.vn/media/catalog/product/s/s/ss-s24-ultra-xam-222_1.png',400000,_binary '',2,1),(36,'Samsung Galaxy A54 8GB 256GB',11490000,4,189,2724,'Không phí chuyển đổi khi trả góp 0% qua thẻ tín dụng kỳ hạn 3-6 tháng','https://cellphones.com.vn/media/catalog/product/s/a/samsung-galaxy-a54-8gb-256gb.png',600000,_binary '',2,1),(37,'Samsung Galaxy S24 Plus 12GB 256GB',26990000,7,181,1358,'Không phí chuyển đổi khi trả góp 0% qua thẻ tín dụng kỳ hạn 3-6 tháng','https://cellphones.com.vn/media/catalog/product/s/a/samsung-galaxy-s24-plus.png',300000,_binary '',2,1),(38,'Samsung Galaxy S24 Ultra 12GB 1TB',44490000,4,134,1054,'Không phí chuyển đổi khi trả góp 0% qua thẻ tín dụng kỳ hạn 3-6 tháng','https://cellphones.com.vn/media/catalog/product/s/s/ss-s24-ultra-xam-222_2.png',700000,_binary '',2,1),(39,'Samsung Galaxy S23 Ultra 12GB 512GB',36990000,16,6,8828,'Không phí chuyển đổi khi trả góp 0% qua thẻ tín dụng kỳ hạn 3-6 tháng','https://cellphones.com.vn/media/catalog/product/s/a/samsung-s23-ulatra_2_.png',400000,_binary '',2,1),(40,'Xiaomi Redmi Note 13 6GB 128GB',4890000,4,151,4335,'Không phí chuyển đổi khi trả góp 0% qua thẻ tín dụng kỳ hạn 3-6 tháng','https://cellphones.com.vn/media/catalog/product/x/i/xiaomi-redmi-note-13_1__1_1.png',600000,_binary '',3,1),(41,'Xiaomi Redmi Note 13 Pro Plus 5G 8GB 256GB',10990000,9,186,5632,'Không phí chuyển đổi khi trả góp 0% qua thẻ tín dụng kỳ hạn 3-6 tháng','https://cellphones.com.vn/media/catalog/product/x/i/xiaomi-redmi-note-13-pro-plus_9_.png',300000,_binary '',3,1),(42,'Xiaomi Redmi Note 13 Pro 4G',7290000,14,62,4137,'Không phí chuyển đổi khi trả góp 0% qua thẻ tín dụng kỳ hạn 3-6 tháng','https://cellphones.com.vn/media/catalog/product/x/i/xiaomi-redmi-note-13-pro-4g_13__1.png',600000,_binary '',3,1),(43,'Xiaomi POCO X6 Pro 5G 8GB 256GB - Chỉ có tại CellphoneS',9990000,17,85,1229,'Không phí chuyển đổi khi trả góp 0% qua thẻ tín dụng kỳ hạn 3-6 tháng','https://cellphones.com.vn/media/catalog/product/t/_/t_i_xu_ng_22__6.png',500000,_binary '',3,1),(44,'Xiaomi Redmi 13C 6GB 128GB',3490000,6,29,7036,'Không phí chuyển đổi khi trả góp 0% qua thẻ tín dụng kỳ hạn 3-6 tháng','https://cellphones.com.vn/media/catalog/product/x/i/xiaomi-redmi-13c_21__1.png',500000,_binary '',3,1),(45,'Xiaomi 13T Pro 5G (12GB - 512GB) - Chỉ có tại CellphoneS',16990000,13,113,8688,'Không phí chuyển đổi khi trả góp 0% qua thẻ tín dụng kỳ hạn 3-6 tháng','https://cellphones.com.vn/media/catalog/product/x/i/xiaomi-13-pro-thumb-xanh-la9.jpg',700000,_binary '',3,1),(46,'Xiaomi 13T 12GB 256GB',12990000,15,120,10068,'Không phí chuyển đổi khi trả góp 0% qua thẻ tín dụng kỳ hạn 3-6 tháng','https://cellphones.com.vn/media/catalog/product/x/i/xiaomi-13t_1__1_2.png',600000,_binary '',3,1),(47,'Xiaomi 14 (12GB 256GB)',22990000,9,81,1153,'Không phí chuyển đổi khi trả góp 0% qua thẻ tín dụng kỳ hạn 3-6 tháng','https://cellphones.com.vn/media/catalog/product/x/i/xiaomi-14-pre-xanh-la.png',300000,_binary '',3,1),(48,'Xiaomi Redmi Note 12 Pro 5G',9490000,22,3,9980,'Không phí chuyển đổi khi trả góp 0% qua thẻ tín dụng kỳ hạn 3-6 tháng','https://cellphones.com.vn/media/catalog/product/x/i/xiaomi-redmi-note-12-pro-5g.png',300000,_binary '',3,1),(49,'Xiaomi Redmi Note 12 Pro 4G 8GB 256GB',7990000,26,163,8023,'Không phí chuyển đổi khi trả góp 0% qua thẻ tín dụng kỳ hạn 3-6 tháng','https://cellphones.com.vn/media/catalog/product/x/i/xiaomi-redmi-note-12-pro-4g.png',600000,_binary '',3,1),(50,'Xiaomi Redmi A3 (4GB 128GB)',3737500,20,40,1560,'Không phí chuyển đổi khi trả góp 0% qua thẻ tín dụng kỳ hạn 3-6 tháng','https://cellphones.com.vn/media/catalog/product/x/i/xiaomi-redmi-a3-xanh-1.png',500000,_binary '',3,1),(51,'Redmi A2 2GB 32GB',2190000,9,173,4052,'Không phí chuyển đổi khi trả góp 0% qua thẻ tín dụng kỳ hạn 3-6 tháng','https://cellphones.com.vn/media/catalog/product/8/e/8e134f31608ebbd8effc05ae44b9f08f_1.png',500000,_binary '',3,1),(52,'Xiaomi Redmi Note 12S',6690000,25,59,4749,'Không phí chuyển đổi khi trả góp 0% qua thẻ tín dụng kỳ hạn 3-6 tháng','https://cellphones.com.vn/media/catalog/product/x/i/xiaomi-redmi-note-12s.png',500000,_binary '',3,1),(53,'Xiaomi Poco F4',8990000,34,60,8905,'Không phí chuyển đổi khi trả góp 0% qua thẻ tín dụng kỳ hạn 3-6 tháng','https://cellphones.com.vn/media/catalog/product/x/i/xiaomi-poco-f4.png',300000,_binary '',3,1),(54,'Xiaomi POCO M5 (6GB 128GB)',4690000,31,109,5594,'Không phí chuyển đổi khi trả góp 0% qua thẻ tín dụng kỳ hạn 3-6 tháng','https://cellphones.com.vn/media/catalog/product/x/i/xiaomi-poco-m5.png',400000,_binary '',3,1),(55,'OPPO Reno11 F 5G 8GB 256GB',8990000,6,59,9908,'Trả góp 0% lãi suất, không trả trước, không phụ phí qua Shinhan Finance','https://cellphones.com.vn/media/catalog/product/d/i/dien-thoai-oppo-reno-11-f-2.png',500000,_binary '',4,1),(56,'OPPO Find X5 Pro 12GB 256GB - Giá mới chỉ có tại CellphoneS',19990000,16,46,10157,NULL,'https://cellphones.com.vn/media/catalog/product/d/o/download_1__6_6.png',400000,_binary '',4,1),(57,'OPPO Reno10 5G 8GB 256GB',10990000,18,149,4133,'Trả góp 0% lãi suất, không trả trước, không phụ phí qua Shinhan Finance','https://cellphones.com.vn/media/catalog/product/o/p/oppo-reno10..png',700000,_binary '',4,1),(58,'OPPO A18 4GB 128GB',3990000,8,63,5909,'Trả góp 0% lãi suất, không trả trước, không phụ phí qua Shinhan Finance','https://cellphones.com.vn/media/catalog/product/o/p/oppo-a18.png',300000,_binary '',4,1),(59,'OPPO A77s 8GB 128GB',6290000,17,75,666,'Trả góp 0% lãi suất, không trả trước, không phụ phí qua Shinhan Finance','https://cellphones.com.vn/media/catalog/product/o/p/oppo-a55_1_.png',400000,_binary '',4,1),(60,'OPPO A58 4G 6GB 128GB',4990000,6,170,9704,'Trả góp 0% lãi suất, không trả trước, không phụ phí qua Shinhan Finance','https://cellphones.com.vn/media/catalog/product/o/p/oppo-a58_1_1.png',400000,_binary '',4,1),(61,'OPPO Reno10 128GB',9990000,21,123,6816,'Trả góp 0% lãi suất, không trả trước, không phụ phí qua Shinhan Finance','https://cellphones.com.vn/media/catalog/product/o/p/oppo-reno10._1.png',300000,_binary '',4,1),(62,'OPPO Find N3 16GB 512GB',44990000,7,184,4529,'Tặng gói dịch vụ VIP Premium Service và 1 km khác','https://cellphones.com.vn/media/catalog/product/f/i/find_n3_-_combo_product_-_gold.png',700000,_binary '',4,1),(63,'OPPO A17K',3290000,15,75,2579,NULL,'https://cellphones.com.vn/media/catalog/product/o/p/oppo-a17k.png',300000,_binary '',4,1),(64,'OPPO Find N3 Flip 12GB 256GB',28737500,20,162,4644,'Tặng tai nghe OPPO Enco Air 3 và 2 km khác','https://cellphones.com.vn/media/catalog/product/f/i/find-n3-flip-vang_1.png',300000,_binary '',4,1),(65,'OPPO A78 4G (8GB 256GB)',6990000,7,74,9235,'Trả góp 0% lãi suất, không trả trước, không phụ phí qua Shinhan Finance','https://cellphones.com.vn/media/catalog/product/o/p/oppo-a78.png',700000,_binary '',4,1),(66,'realme C53 (8GB 256GB)',4790000,17,96,7966,'Trả góp 0% lãi suất, không trả trước, không phụ phí qua Shinhan Finance','https://cellphones.com.vn/media/catalog/product/r/e/realme-c53-vang-1.png',600000,_binary '',5,1),(67,'realme C60 4GB 64GB',3487500,20,33,4422,'Quyền lợi bảo hành Vip 12 tháng 1 đổi 1 tại CellphoneS','https://cellphones.com.vn/media/catalog/product/d/i/dien-thoai-realme-c60_4__1.png',300000,_binary '',5,1),(68,'realme C51 4GB 128GB',3490000,20,71,9456,NULL,'https://cellphones.com.vn/media/catalog/product/r/e/realme-c51_2.png',500000,_binary '',5,1),(69,'realme 11 8GB 128GB',7390000,30,6,2631,'Trả góp 0% lãi suất, không trả trước, không phụ phí qua Shinhan Finance','https://cellphones.com.vn/media/catalog/product/r/e/realme-11-vang-1.jpg',700000,_binary '',5,1),(70,'realme C67 (8GB 128GB)',5290000,9,101,2463,'Trả góp 0% lãi suất, không trả trước, không phụ phí qua Shinhan Finance','https://cellphones.com.vn/media/catalog/product/r/e/realme-c67-1_1.png',300000,_binary '',5,1),(71,'realme C51 6GB 256GB',4490000,13,78,3940,'Trả góp 0% lãi suất, không trả trước, không phụ phí qua Shinhan Finance','https://cellphones.com.vn/media/catalog/product/r/e/realme-c51_2_1.png',400000,_binary '',5,1),(72,'realme C55 (6GB - 128GB)',4990000,20,58,1175,'Trả góp 0% lãi suất, không trả trước, không phụ phí qua Shinhan Finance','https://cellphones.com.vn/media/catalog/product/r/g/rgrgrtyt6.jpg',500000,_binary '',5,1),(73,'realme C55 8GB 256GB',5990000,24,38,9411,'Trả góp 0% lãi suất, không trả trước, không phụ phí qua Shinhan Finance','https://cellphones.com.vn/media/catalog/product/r/g/rgrgrtyt6_1.jpg',300000,_binary '',5,1),(74,'realme 11 Pro (8GB - 256GB)',11990000,19,5,7348,'Trả góp 0% lãi suất, không trả trước, không phụ phí qua Shinhan Finance','https://cellphones.com.vn/media/catalog/product/r/e/realme-11-pro.png',500000,_binary '',5,1),(75,'Laptop ASUS TUF Gaming F15 FX506HF-HN078W',20990000,18,66,667,NULL,'https://cellphones.com.vn/media/catalog/product/t/e/text_ng_n_13__5_14.png',300000,_binary '',6,2),(76,'Laptop ASUS VivoBook 15 OLED A1505VA-L1114W',20990000,16,105,5423,NULL,'https://cellphones.com.vn/media/catalog/product/t/e/text_ng_n_1__1_120.png',600000,_binary '',6,2),(77,'Laptop ASUS VivoBook S 14 FLIP TP3402VA-LZ025W',16990000,32,75,6106,NULL,'https://cellphones.com.vn/media/catalog/product/l/a/laptop-asus-vivobook-s-14-flip-tp3402va-lz025w-thumbnails.png',600000,_binary '',6,2),(78,'Laptop ASUS Zenbook 14 OLED UM3402YA-KM405W',24990000,18,189,1011,NULL,'https://cellphones.com.vn/media/catalog/product/t/e/text_d_i_1__1_3.png',400000,_binary '',6,2),(79,'Laptop ASUS TUF Gaming F15 FX507ZC4-HN074W',25990000,25,53,5891,'Tặng Ram Laptop Lexar 8GB DDR4 3200MHZ','https://cellphones.com.vn/media/catalog/product/t/e/text_ng_n_10__2_80.png',300000,_binary '',6,2),(80,'Laptop ASUS TUF Gaming A15 FA507NU-LP131W',29490000,22,135,3710,'Mua laptop Asus Tuf Gaming A15 - nhận quà độc quyền từ Rog. Thời gian áp dụng từ 20.3 - 5.5.2024','https://cellphones.com.vn/media/catalog/product/t/e/text_d_i_3_9.png',300000,_binary '',6,2),(81,'Laptop ASUS VivoBook Go 14 E1404FA-NK177W',14490000,15,91,7255,NULL,'https://cellphones.com.vn/media/catalog/product/t/e/text_ng_n_-_2023-06-08t005130.908.png',700000,_binary '',6,2),(82,'Laptop ASUS TUF Gaming A15 FA506NF-HN005W',19990000,19,152,1573,'Mua laptop Asus Tuf Gaming A15 - nhận quà độc quyền từ Rog. Thời gian áp dụng từ 20.3 - 5.5.2024 và 1 km khác','https://cellphones.com.vn/media/catalog/product/l/a/laptop-asus-tuf-gaming-a15-fa506nf-hn005w.jpg',300000,_binary '',6,2),(83,'Laptop ASUS Vivobook 15 X1504ZA-NJ582W',12990000,23,71,614,NULL,'https://cellphones.com.vn/media/catalog/product/t/e/text_ng_n_8__1_115.png',300000,_binary '',6,2),(84,'Laptop ASUS Zenbook 14 Oled UX3405MA-PP151W',28990000,7,63,5345,NULL,'https://cellphones.com.vn/media/catalog/product/t/e/text_ng_n_21__2_11.png',600000,_binary '',6,2),(85,'Laptop ASUS TUF Gaming A15 FA507NU-LP140W',25990000,17,182,4868,'Mua laptop Asus Tuf Gaming A15 - nhận quà độc quyền từ Rog. Thời gian áp dụng từ 20.3 - 5.5.2024 và 1 km khác','https://cellphones.com.vn/media/catalog/product/t/e/text_ng_n_20__4_7.png',400000,_binary '',6,2),(86,'Laptop ASUS VivoBook 14 OLED A1405VA-KM095W',20990000,16,18,8780,NULL,'https://cellphones.com.vn/media/catalog/product/t/e/text_d_i_5__1.png',600000,_binary '',6,2),(87,'Laptop Asus VivoBook S 14 Flip TN3402YA-LZ192W',18990000,18,194,6796,NULL,'https://cellphones.com.vn/media/catalog/product/l/a/laptop-asus-vivobook-s-14-flip-tn3402ya-lz192w-thumbnails.png',400000,_binary '',6,2),(88,'Laptop ASUS VivoBook 15 OLED A1505VA-L1201W',24990000,12,195,3467,NULL,'https://cellphones.com.vn/media/catalog/product/t/e/text_ng_n_9__1_76.png',300000,_binary '',6,2),(89,'Laptop ASUS ExpertBook B1 B1502CBA-NJ1261W',14590000,36,97,5877,NULL,'https://cellphones.com.vn/media/catalog/product/l/a/laptop_dell_xps_13_9300_25_.png',700000,_binary '',6,2),(90,'Laptop ASUS ROG Strix G16 G614JU-N3135W',39990000,21,134,6937,NULL,'https://cellphones.com.vn/media/catalog/product/t/e/text_ng_n_20__1_21.png',600000,_binary '',6,2),(91,'Laptop ASUS VivoBook 14X OLED K3405ZF-KM184W',25990000,22,139,7426,NULL,'https://cellphones.com.vn/media/catalog/product/t/e/text_ng_n_11__4_22.png',400000,_binary '',6,2),(92,'Laptop Asus Vivobook 15 X1504ZA-NJ517W',16490000,12,27,9138,NULL,'https://cellphones.com.vn/media/catalog/product/l/a/laptop-asus-vivobook-15x-oled-m3504ya-l1268w-thumbnails.png',500000,_binary '',6,2),(93,'Laptop ASUS VivoBook 15 X1504VA-NJ070W',18490000,16,127,8782,NULL,'https://cellphones.com.vn/media/catalog/product/t/e/text_ng_n_99__2.png',600000,_binary '',6,2),(94,'Laptop ASUS Vivobook 14 X1404ZA-NK389W',17990000,13,22,1209,NULL,'https://cellphones.com.vn/media/catalog/product/l/a/laptop-asus-vivobook-14-x1404za-nk389w-thumbnails.png',600000,_binary '',6,2),(95,'Apple MacBook Air M1 256GB 2020 I Chính hãng Apple Việt Nam',22990000,20,162,9648,'Không phí chuyển đổi khi trả góp 0% qua thẻ tín dụng kỳ hạn 3-6 tháng','https://cellphones.com.vn/media/catalog/product/a/i/air_m2.png',500000,_binary '',7,2),(96,'Apple Macbook Air M2 2022 8GB 256GB I Chính hãng Apple Việt Nam',32990000,28,26,1063,'Không phí chuyển đổi khi trả góp 0% qua thẻ tín dụng kỳ hạn 3-6 tháng','https://cellphones.com.vn/media/catalog/product/m/a/macbook_air_m2_1_1.png',600000,_binary '',7,2),(97,'Macbook Air M3 15 inch 2024 8GB - 256GB | Chính hãng Apple Việt Nam',32990000,4,52,3017,'Không phí chuyển đổi khi trả góp 0% qua thẻ tín dụng kỳ hạn 3-6 tháng','https://cellphones.com.vn/media/catalog/product/m/a/macbook_air_15_m3.png',600000,_binary '',7,2),(98,'Macbook Pro 14 M3 Pro 18GB - 512GB | Chính hãng Apple Việt Nam',49990000,2,198,3847,'Không phí chuyển đổi khi trả góp 0% qua thẻ tín dụng kỳ hạn 3-6 tháng','https://cellphones.com.vn/media/catalog/product/g/p/gpu.png',400000,_binary '',7,2),(99,'Apple Macbook Air M2 2022 16GB 256GB I Chính hãng Apple Việt Nam',39990000,26,65,9215,'Không phí chuyển đổi khi trả góp 0% qua thẻ tín dụng kỳ hạn 3-6 tháng','https://cellphones.com.vn/media/catalog/product/a/i/air_m2_16gb.png',400000,_binary '',7,2),(100,'Macbook Pro 16 inch M1 Max 10 CPU - 32 GPU 32GB 1TB 2021 | Chính hãng Apple Việt Nam',92990000,45,98,5902,'Không phí chuyển đổi khi trả góp 0% qua thẻ tín dụng kỳ hạn 3-6 tháng','https://cellphones.com.vn/media/catalog/product/c/l/cl.png',300000,_binary '',7,2),(101,'Macbook Air 15 inch M2 2023 8GB 256GB sạc 70W | Chính hãng Apple Việt Nam',32990000,17,52,1319,'Không phí chuyển đổi khi trả góp 0% qua thẻ tín dụng kỳ hạn 3-6 tháng','https://cellphones.com.vn/media/catalog/product/m/a/macbook_air_m2_1_2.png',300000,_binary '',7,2),(102,'iMac 24 2021 M1 7GPU 8GB 256GB I Chính hãng Apple Việt Nam',34990000,33,184,689,'Không phí chuyển đổi khi trả góp 0% qua thẻ tín dụng kỳ hạn 3-6 tháng','https://cellphones.com.vn/media/catalog/product/i/m/imac_2021.png',300000,_binary '',7,2),(103,'Macbook Air M3 13 inch 2024 16GB - 256GB sạc 30W | Chính hãng Apple Việt Nam',32990000,3,198,7768,'Không phí chuyển đổi khi trả góp 0% qua thẻ tín dụng kỳ hạn 3-6 tháng','https://cellphones.com.vn/media/catalog/product/a/p/apple_m3_1_2.png',300000,_binary '',7,2),(104,'Apple Macbook Air M2 2022 16GB 512GB I Chính hãng Apple Việt Nam',45990000,26,174,3399,'Không phí chuyển đổi khi trả góp 0% qua thẻ tín dụng kỳ hạn 3-6 tháng','https://cellphones.com.vn/media/catalog/product/m/a/macbook_16gb.png',300000,_binary '',7,2),(105,'MacBook Pro 14 inch M3 2023 (8 CPU - 10 GPU 16GB 512GB)',44990000,3,128,5068,'Không phí chuyển đổi khi trả góp 0% qua thẻ tín dụng kỳ hạn 3-6 tháng','https://cellphones.com.vn/media/catalog/product/m/a/macbook-pro-14-inch-m3-2023-16gb-512gb.jpg',400000,_binary '',7,2),(106,'Macbook Pro 14 M3 Pro 18GB - 1TB | Chính hãng Apple Việt Nam',59990000,4,93,6904,'Không phí chuyển đổi khi trả góp 0% qua thẻ tín dụng kỳ hạn 3-6 tháng','https://cellphones.com.vn/media/catalog/product/g/r/group_14_1_2.png',600000,_binary '',7,2),(107,'Mac Studio 2022 M1 Max 10 CPU | Chính hãng Apple Việt Nam',55990000,33,112,8135,'Không phí chuyển đổi khi trả góp 0% qua thẻ tín dụng kỳ hạn 3-6 tháng','https://cellphones.com.vn/media/catalog/product/m/a/mac-studio-1646775245-8194-1646775416-removebg-preview.jpg',400000,_binary '',7,2),(108,'Macbook Air 15 inch M2 2023 8GB 256GB sạc 35W | Chính hãng Apple Việt Nam',32990000,17,60,7446,'Không phí chuyển đổi khi trả góp 0% qua thẻ tín dụng kỳ hạn 3-6 tháng','https://cellphones.com.vn/media/catalog/product/m/a/macbook_air_m2_8gb.png',500000,_binary '',7,2),(109,'Mac mini M2 2023 (8 CPU - 10 GPU - 16GB - 256GB) | Chính hãng Apple Việt Nam',22990000,13,44,8982,'Không phí chuyển đổi khi trả góp 0% qua thẻ tín dụng kỳ hạn 3-6 tháng','https://cellphones.com.vn/media/catalog/product/m/a/macbook_mini_m2.png',400000,_binary '',7,2),(110,'Macbook Pro 16 M3 Pro 18GB - 512GB | Chính hãng Apple Việt Nam',64990000,2,25,5738,'Không phí chuyển đổi khi trả góp 0% qua thẻ tín dụng kỳ hạn 3-6 tháng','https://cellphones.com.vn/media/catalog/product/m/a/macbook_13_.png',600000,_binary '',7,2),(111,'MacBook Pro 16 inch M2 Pro 2023 (12 CPU - 19 GPU - 16GB - 1TB)',70990000,28,127,8071,'Không phí chuyển đổi khi trả góp 0% qua thẻ tín dụng kỳ hạn 3-6 tháng','https://cellphones.com.vn/media/catalog/product/1/6/16_inch_final.png',400000,_binary '',7,2),(112,'Macbook Air M3 15 inch 2024 16GB - 512GB | Chính hãng Apple Việt Nam',42990000,2,129,2056,'Không phí chuyển đổi khi trả góp 0% qua thẻ tín dụng kỳ hạn 3-6 tháng','https://cellphones.com.vn/media/catalog/product/m/a/macbook_air_m3_16gb.png',700000,_binary '',7,2),(113,'Apple Macbook Air M2 2022 8GB 512GB I Chính hãng Apple Việt Nam',39990000,27,123,3172,'Không phí chuyển đổi khi trả góp 0% qua thẻ tín dụng kỳ hạn 3-6 tháng','https://cellphones.com.vn/media/catalog/product/a/p/apple_m2.png',500000,_binary '',7,2),(114,'Macbook Pro 14 M3 Max 36GB - 1TB | Chính hãng Apple Việt Nam',79990000,2,178,6050,'Không phí chuyển đổi khi trả góp 0% qua thẻ tín dụng kỳ hạn 3-6 tháng','https://cellphones.com.vn/media/catalog/product/m/a/macbook_9_.png',600000,_binary '',7,2),(115,'Laptop Lenovo LOQ 15IAX9 83GS001RVN',22490000,10,98,3087,NULL,'https://cellphones.com.vn/media/catalog/product/l/a/laptop-lenovo-loq-15iax9-83gs001rvn-thumbnails_1.png',500000,_binary '',8,2),(116,'Laptop Lenovo Ideapad Slim 5 14IAH8 83BF002NVN',17290000,12,183,6040,NULL,'https://cellphones.com.vn/media/catalog/product/t/e/text_ng_n_8__1_91.png',300000,_binary '',8,2),(117,'Laptop Lenovo LOQ 15IAX9 83GS000RVN',25990000,4,51,6493,NULL,'https://cellphones.com.vn/media/catalog/product/t/e/text_ng_n_48__3.png',300000,_binary '',8,2),(118,'Laptop Lenovo Legion 5 16IRX9 83DG004XVN',40990000,2,133,6317,NULL,'https://cellphones.com.vn/media/catalog/product/l/a/laptop-lenovo-legion-5-16irx9-83dg004xvn-thumbnail_2_.png',600000,_binary '',8,2),(119,'Laptop Lenovo V14 G4 AMN 82YT00M8VN',13290000,17,56,734,NULL,'https://cellphones.com.vn/media/catalog/product/l/a/laptop-lenovo-v14-g4-amn-82yt00m8vn-thumbnails.png',700000,_binary '',8,2),(120,'Laptop Lenovo LOQ 15IAX9 83GS001SVN',20990000,13,62,7930,NULL,'https://cellphones.com.vn/media/catalog/product/t/e/text_ng_n_7_58.png',600000,_binary '',8,2),(121,'Laptop Lenovo IdeaPad Slim 3 14IAH8 83EQ0005VN',15490000,10,182,4478,NULL,'https://cellphones.com.vn/media/catalog/product/t/e/text_ng_n_7__1_1.png',700000,_binary '',8,2),(122,'Laptop Lenovo ThinkBook 14 G6 IRL 21KG00QMVN',19990000,10,78,844,NULL,'https://cellphones.com.vn/media/catalog/product/t/e/text_d_i_20__1_1.png',300000,_binary '',8,2),(123,'Laptop Lenovo IdeaPad Slim 3 14IAH8 83EQ0009VN',16490000,13,99,5290,NULL,'https://cellphones.com.vn/media/catalog/product/t/e/text_ng_n_22__2_7.png',300000,_binary '',8,2),(124,'Laptop Lenovo LOQ 15IRX9 83DV00D5VN',31990000,8,114,1176,NULL,'https://cellphones.com.vn/media/catalog/product/t/e/text_ng_n_-_2024-04-21t233740.194.png',300000,_binary '',8,2),(125,'Laptop Lenovo Yoga Slim 7 14IMH9 83CV001UVN',29990000,5,31,6559,NULL,'https://cellphones.com.vn/media/catalog/product/l/a/laptop-lenovo-yoga-slim-7-14imh9-83cv001uvn-thumbnails.png',500000,_binary '',8,2),(126,'Laptop Lenovo LOQ 15IRX9 83DV00ERVN',34990000,9,121,4364,NULL,'https://cellphones.com.vn/media/catalog/product/t/e/text_ng_n_-_2024-04-21t183030.059.png',400000,_binary '',8,2),(127,'Laptop Lenovo Ideapad Slim 5 14IMH9 83DA001NVN',21990000,5,71,5500,NULL,'https://cellphones.com.vn/media/catalog/product/l/a/laptop-lenovo-ideapad-slim-5-14imh9-83da001nvn-thumbnails.png',400000,_binary '',8,2),(128,'Laptop Lenovo Ideapad Slim 5 14IRL8 82XD007QVN',22990000,11,157,4624,NULL,'https://cellphones.com.vn/media/catalog/product/t/e/text_ng_n_11__5_17.png',500000,_binary '',8,2),(129,'Laptop Lenovo Ideapad Slim 3 14IRH8 83EL0023VN',17990000,3,96,7406,NULL,'https://cellphones.com.vn/media/catalog/product/l/a/laptop-lenovo-ideapad-slim-3-14irh8-83el0023vn-thumbnails.png',300000,_binary '',8,2),(130,'Laptop Lenovo Ideapad Slim 5 14IMH9 83DA0020VN',27990000,6,93,9189,NULL,'https://cellphones.com.vn/media/catalog/product/l/a/laptop-lenovo-ideapad-slim-5-14imh9-83da0020vn-thumbnails.png',500000,_binary '',8,2),(131,'Laptop Lenovo IdeaPad Flex 5 14IAU7 82R700JLVN',18990000,13,36,3116,NULL,'https://cellphones.com.vn/media/catalog/product/l/a/laptop-lenovo-ideapad-flex-5-14iau7-82r700jlvn-thumbnails_1.png',600000,_binary '',8,2),(132,'Laptop Lenovo Legion 7 16IRX9 83FD006JVN',66990000,3,11,675,NULL,'https://cellphones.com.vn/media/catalog/product/t/e/text_ng_n_-_2024-04-21t211253.674.png',600000,_binary '',8,2),(133,'Laptop Lenovo ThinkBook 13s G3 ACN 20YA0039VN',25890000,34,162,4585,NULL,'https://cellphones.com.vn/media/catalog/product/t/e/text_d_i_4_3.png',700000,_binary '',8,2),(134,'Laptop Lenovo Yoga Slim 6 14IRH8 83E00008VN',24990000,8,130,4626,NULL,'https://cellphones.com.vn/media/catalog/product/t/e/text_ng_n_9__3_7.png',300000,_binary '',8,2),(135,'Laptop MSI Gaming GF63 12UC-887VN',20990000,10,121,4052,'Tặng chuột chơi game có dây Dareu EM911 RGB','https://cellphones.com.vn/media/catalog/product/t/e/text_ng_n_10__3_11.png',700000,_binary '',9,2),(136,'Laptop MSI Gaming GF63 12UCX-841VN',17990000,11,195,9134,'Tặng Ram Laptop Lexar 8GB DDR4 3200MHZ','https://cellphones.com.vn/media/catalog/product/t/e/text_ng_n_9__3_2.png',300000,_binary '',9,2),(137,'Laptop MSI Gaming GF63 12VE-460VN',22490000,4,142,9655,'Tặng màn hình di động MSI Pro MP161 E2 15.6 inch','https://cellphones.com.vn/media/catalog/product/t/e/text_ng_n_8__1_77.png',600000,_binary '',9,2),(138,'Laptop MSI Gaming Bravo 15 B7ED-010VN',18490000,8,52,917,'Tặng bàn phím cơ có dây DAREU EK87 V2 Multi Led','https://cellphones.com.vn/media/catalog/product/m/s/msi_1.png',700000,_binary '',9,2),(139,'Laptop MSI Gaming GF63 Thin 11UC-1228VN',20990000,14,157,1419,'Tặng Ram Laptop Lexar 8GB DDR4 3200MHZ','https://cellphones.com.vn/media/catalog/product/t/e/text_ng_n_10__1_6.png',600000,_binary '',9,2),(140,'Laptop MSI Modern 15 B12MO-628VN',14490000,7,146,6908,'Tặng bàn phím cơ có dây DAREU EK87 V2 Multi Led','https://cellphones.com.vn/media/catalog/product/t/e/text_ng_n_4__3_29.png',500000,_binary '',9,2),(141,'Laptop MSI Modern 14 C13M-458VN',17990000,25,70,9415,'Tặng màn hình MSI Pro MP223 22','https://cellphones.com.vn/media/catalog/product/t/e/text_ng_n_2__2_51.png',700000,_binary '',9,2),(142,'Laptop MSI Cyborg 15 A12VE-240VN',27490000,18,104,2840,NULL,'https://cellphones.com.vn/media/catalog/product/t/e/text_ng_n_3_65.png',400000,_binary '',9,2),(143,'Laptop MSI Modern 14 C13M-609VN',17990000,22,96,7165,'Tặng màn hình MSI Pro MP223 22','https://cellphones.com.vn/media/catalog/product/t/e/text_ng_n_28__17.png',500000,_binary '',9,2),(144,'Laptop MSI Cyborg 15 A12UCX-618VN',19990000,13,182,3183,'Tặng chuột chơi game có dây Dareu EM911 RGB','https://cellphones.com.vn/media/catalog/product/l/a/laptop-msi-cyborg-15-a12ucx-618vn-thumbnail.jpg',300000,_binary '',9,2),(145,'Laptop MSI Cyborg 15 A12UCX-281VN',19990000,15,195,6805,'Tặng bàn phím cơ có dây DAREU EK87 V2 Multi Led và 1 km khác','https://cellphones.com.vn/media/catalog/product/t/e/text_d_i_12__1.png',600000,_binary '',9,2),(146,'Laptop MSI Modern 15 B13M-438VN',18490000,24,106,5683,'Tặng màn hình MSI Pro MP223 22','https://cellphones.com.vn/media/catalog/product/l/a/laptop-msi-modern-15-b13m-438vn.png',600000,_binary '',9,2),(147,'Laptop MSI Modern 14 C13M-607VN',21490000,19,29,1887,'Tặng màn hình MSI Pro MP223 22','https://cellphones.com.vn/media/catalog/product/l/a/laptop-msi-modern-14-c13m-607vn.png',600000,_binary '',9,2),(148,'Laptop MSI Modern 15 B7M-231VN',14990000,13,175,765,NULL,'https://cellphones.com.vn/media/catalog/product/t/e/text_ng_n_-_2023-06-19t175544.774.png',400000,_binary '',9,2),(149,'Laptop MSI Gaming Katana GF66 11UE-824VN',29300000,15,175,7413,NULL,'https://cellphones.com.vn/media/catalog/product/1/_/1_309_4.png',300000,_binary '',9,2),(150,'Laptop MSI Cyborg 15 A12VF-267VN',30490000,21,193,9922,NULL,'https://cellphones.com.vn/media/catalog/product/t/e/text_ng_n_15__3_36.png',500000,_binary '',9,2),(151,'Laptop MSI Modern 15 B12MO-487VN',19490000,18,63,1365,NULL,'https://cellphones.com.vn/media/catalog/product/t/e/text_ng_n_1__2_31.png',400000,_binary '',9,2),(152,'Laptop Gaming MSI GF63 12UCX-841VN',17990000,11,180,6192,'Tặng Ram Laptop Lexar 8GB DDR4 3200MHZ','https://cellphones.com.vn/media/catalog/product/t/e/text_ng_n_16__3_4.png',500000,_binary '',9,2),(153,'Laptop MSI Crosshair 15 B12UEZ-460VN',34990000,29,108,2375,'Phần Mềm Diệt Virus, Office chính hãng chỉ từ 150k','https://cellphones.com.vn/media/catalog/product/t/e/text_ng_n_20_.png',600000,_binary '',9,2),(154,'Laptop MSI Cyborg 15 A12VE-412VN',24990000,14,64,7247,NULL,'https://cellphones.com.vn/media/catalog/product/t/e/text_ng_n_19__50.png',600000,_binary '',9,2),(155,'Laptop HP Pavilion 14-DV2073TU 7C0P2PA',20990000,19,100,6868,NULL,'https://cellphones.com.vn/media/catalog/product/t/e/text_ng_n_6__47.png',500000,_binary '',10,2),(156,'Laptop HP Gaming Victus 15-FB1023AX 94F20PA',24490000,28,100,9882,'Tặng RAM Laptop Kingston 8GB 4800MT/S DDR5','https://cellphones.com.vn/media/catalog/product/h/p/hp_victus_1.png',700000,_binary '',10,2),(157,'Laptop HP Envy X360 BF0112TU 7C0N9PA',29690000,22,4,8824,NULL,'https://cellphones.com.vn/media/catalog/product/t/e/text_ng_n_1__3_25.png',500000,_binary '',10,2),(158,'Laptop HP Envy X360 2IN1 14-ES0013',19990000,10,15,7258,NULL,'https://cellphones.com.vn/media/catalog/product/t/e/text_ng_n_25__31.png',400000,_binary '',10,2),(159,'Laptop HP Pavilion X360 14-EK1047TU 80R25PA',27290000,8,56,3471,NULL,'https://cellphones.com.vn/media/catalog/product/t/e/text_ng_n_1__2_53.png',300000,_binary '',10,2),(160,'Laptop HP 15 250 G8 85C69EA',12990000,8,12,5294,NULL,'https://cellphones.com.vn/media/catalog/product/t/e/text_ng_n_6_3.png',500000,_binary '',10,2),(161,'Laptop HP Victus 15-FA1155TX 952R1PA',23590000,24,171,6370,'Tặng chuột chơi game có dây Dareu EM911 RGB','https://cellphones.com.vn/media/catalog/product/t/e/text_ng_n_6_29.png',600000,_binary '',10,2),(162,'Laptop HP Pavilion 15-EG3095TU 8C5L6PA',19990000,9,130,3299,NULL,'https://cellphones.com.vn/media/catalog/product/t/e/text_ng_n_1__3_6.png',600000,_binary '',10,2),(163,'Laptop HP Elitebook 630 G9 6M142PA',19990000,15,85,7485,NULL,'https://cellphones.com.vn/media/catalog/product/t/e/text_ng_n_14__1_65.png',700000,_binary '',10,2),(164,'Laptop HP Pavilion 15-EG3091TU 8C5L2PA',25290000,10,103,6706,NULL,'https://cellphones.com.vn/media/catalog/product/t/e/text_ng_n_38__1_1.png',700000,_binary '',10,2),(165,'Laptop HP Pavilion 15-EG3093TU 8C5L4PA',21290000,9,137,5029,NULL,'https://cellphones.com.vn/media/catalog/product/t/e/text_ng_n_12__4_7.png',400000,_binary '',10,2),(166,'Laptop HP 14-EP0112TU 8C5L1PA',19590000,13,161,2138,NULL,'https://cellphones.com.vn/media/catalog/product/t/e/text_ng_n_31__1_2.png',400000,_binary '',10,2),(167,'Laptop HP Envy X360 13-BD0063DX',19600000,8,176,2652,'Phần Mềm Diệt Virus, Office chính hãng chỉ từ 150k','https://cellphones.com.vn/media/catalog/product/t/e/text_ng_n_1__3.png',300000,_binary '',10,2),(168,'Laptop Dell Inspiron 15 3520-5810BLK 102F0',12990000,4,109,932,NULL,'https://cellphones.com.vn/media/catalog/product/t/e/text_ng_n_2__4_28.png',400000,_binary '',11,2),(169,'Laptop Dell Inspiron 15 3520 YTC9K',13990000,10,163,2486,NULL,'https://cellphones.com.vn/media/catalog/product/t/e/text_ng_n_9__3_24.png',500000,_binary '',11,2),(170,'Laptop Dell Vostro 3520',18990000,3,180,9343,NULL,'https://cellphones.com.vn/media/catalog/product/l/a/laptop_dell_vostro_3520i7.png',500000,_binary '',11,2),(171,'Laptop Dell Vostro 3520 F0V0VI3',11990000,19,160,2818,NULL,'https://cellphones.com.vn/media/catalog/product/l/a/laptop-dell-vostro-3520-f0v0vi3-thumbnails.png',400000,_binary '',11,2),(172,'Laptop Dell Inspiron 15 3520 D5N53',11490000,13,150,2677,NULL,'https://cellphones.com.vn/media/catalog/product/t/e/text_ng_n_6_9.png',300000,_binary '',11,2),(173,'Laptop Dell Vostro 3520 GD02R',13990000,11,148,4656,NULL,'https://cellphones.com.vn/media/catalog/product/t/e/text_ng_n_6__152.png',500000,_binary '',11,2),(174,'Laptop Dell Inspiron 15 3520 W15KT',13990000,13,115,4621,NULL,'https://cellphones.com.vn/media/catalog/product/l/a/laptop-dell-inspiron-15-3520-w15kt_5__1.png',400000,_binary '',11,2),(175,'Laptop Dell Vostro 3520 F0V0V256',13990000,11,129,9168,NULL,'https://cellphones.com.vn/media/catalog/product/l/a/laptop-dell-vostro-3520-f0v0v256-thumbnails.png',700000,_binary '',11,2),(176,'Laptop Dell Vostro 3520 Y4G15',18990000,8,124,4693,NULL,'https://cellphones.com.vn/media/catalog/product/t/e/text_ng_n_19__1_5.png',500000,_binary '',11,2),(177,'Laptop Dell Inspiron 15 3525 4R52X',13990000,12,181,4112,NULL,'https://cellphones.com.vn/media/catalog/product/t/e/text_d_i_3_3.png',500000,_binary '',11,2),(178,'iPad Gen 10 10.9 inch 2022 Wifi 64GB I Chính hãng Apple Việt Nam',12990000,25,19,7310,'Không phí chuyển đổi khi trả góp 0% qua thẻ tín dụng kỳ hạn 3-6 tháng','https://cellphones.com.vn/media/catalog/product/i/p/ipad-10-9-inch-2022.png',600000,_binary '',17,3),(179,'iPad Air 5 10.9 inch (2022) WIFI 64GB I Chính hãng Apple Việt Nam',16990000,14,129,9708,'Không phí chuyển đổi khi trả góp 0% qua thẻ tín dụng kỳ hạn 3-6 tháng','https://cellphones.com.vn/media/catalog/product/i/p/ipad-air-5.png',500000,_binary '',17,3),(180,'iPad 10.2 2021 WiFi 64GB | Chính hãng Apple Việt Nam',8990000,23,105,9516,'Không phí chuyển đổi khi trả góp 0% qua thẻ tín dụng kỳ hạn 3-6 tháng','https://cellphones.com.vn/media/catalog/product/i/p/ipad-10-2-inch-2021_1.png',600000,_binary '',17,3),(181,'iPad mini 6 WiFi 64GB | Chính hãng Apple Việt Nam',12990000,6,8,7016,'Không phí chuyển đổi khi trả góp 0% qua thẻ tín dụng kỳ hạn 3-6 tháng','https://cellphones.com.vn/media/catalog/product/i/p/ipad-mini-6_2.png',600000,_binary '',17,3),(182,'iPad Gen 10 10.9 inch 2022 Wifi 256GB I Chính hãng Apple Việt Nam',16990000,20,149,3291,'Không phí chuyển đổi khi trả góp 0% qua thẻ tín dụng kỳ hạn 3-6 tháng','https://cellphones.com.vn/media/catalog/product/i/p/ipad-10-9-inch-2022_1.png',700000,_binary '',17,3),(183,'iPad Air 5 10.9 inch (2022) WIFI 256GB I Chính hãng Apple Việt Nam',20990000,12,68,6404,'Không phí chuyển đổi khi trả góp 0% qua thẻ tín dụng kỳ hạn 3-6 tháng','https://cellphones.com.vn/media/catalog/product/i/p/ipad-air-5_1.png',600000,_binary '',17,3),(184,'iPad Gen 10 10.9 inch 2022 Wifi + 5G 64GB I Chính hãng Apple Việt Nam',16990000,20,166,6245,'Không phí chuyển đổi khi trả góp 0% qua thẻ tín dụng kỳ hạn 3-6 tháng','https://cellphones.com.vn/media/catalog/product/i/p/ipad-10-9-inch-2022_2.png',600000,_binary '',17,3),(185,'iPad Pro 11 inch 2022 M2 Wifi + 5G 128GB I Chính hãng Apple Việt Nam',27990000,13,54,9485,'Không phí chuyển đổi khi trả góp 0% qua thẻ tín dụng kỳ hạn 3-6 tháng','https://cellphones.com.vn/media/catalog/product/i/p/ipad-pro-2022-11-inch-m2_2.png',600000,_binary '',17,3),(186,'iPad mini 6 WiFi 256GB | Chính hãng Apple Việt Nam',17990000,7,24,7091,'Không phí chuyển đổi khi trả góp 0% qua thẻ tín dụng kỳ hạn 3-6 tháng','https://cellphones.com.vn/media/catalog/product/i/p/ipad-mini-6_2_1.png',300000,_binary '',17,3),(187,'iPad 10.2 2021 WiFi 256GB | Chính hãng Apple Việt Nam',12990000,16,166,1094,'Không phí chuyển đổi khi trả góp 0% qua thẻ tín dụng kỳ hạn 3-6 tháng','https://cellphones.com.vn/media/catalog/product/i/p/ipad-10-2-inch-2021_2.png',700000,_binary '',17,3),(188,'iPad Air 5 10.9 inch (2022) 5G 64GB I Chính hãng Apple Việt Nam',20990000,14,112,2425,'Không phí chuyển đổi khi trả góp 0% qua thẻ tín dụng kỳ hạn 3-6 tháng','https://cellphones.com.vn/media/catalog/product/i/p/ipad-air-5_3.png',600000,_binary '',17,3),(189,'iPad Pro 12.9 inch 2022 M2 Wifi 256GB I Chính hãng Apple Việt Nam',34990000,9,27,8812,'Không phí chuyển đổi khi trả góp 0% qua thẻ tín dụng kỳ hạn 3-6 tháng','https://cellphones.com.vn/media/catalog/product/i/p/ipad-pro-2022-12-9-inch-m2_1.png',700000,_binary '',17,3),(190,'iPad Gen 10 10.9 inch 2022 Wifi + 5G 256GB I Chính hãng Apple Việt Nam',20990000,16,154,1695,'Không phí chuyển đổi khi trả góp 0% qua thẻ tín dụng kỳ hạn 3-6 tháng','https://cellphones.com.vn/media/catalog/product/i/p/ipad-10-9-inch-2022_3.png',400000,_binary '',17,3),(191,'iPad mini 6 LTE 4GB 64GB | Chính hãng Apple Việt Nam',17990000,8,110,5824,'Không phí chuyển đổi khi trả góp 0% qua thẻ tín dụng kỳ hạn 3-6 tháng','https://cellphones.com.vn/media/catalog/product/i/p/ipad-mini-6_2_2.png',600000,_binary '',17,3),(192,'iPad 10.2 2021 4G 64GB | Chính hãng Apple Việt Nam',11990000,14,79,2705,'Không phí chuyển đổi khi trả góp 0% qua thẻ tín dụng kỳ hạn 3-6 tháng','https://cellphones.com.vn/media/catalog/product/i/p/ipad-10-2-inch-2021_4.png',600000,_binary '',17,3),(193,'iPad Pro 12.9 inch 2022 M2 Wifi + 5G 128GB | Chính Hãng',35990000,11,143,7366,'Không phí chuyển đổi khi trả góp 0% qua thẻ tín dụng kỳ hạn 3-6 tháng','https://cellphones.com.vn/media/catalog/product/i/p/ipad-pro-2022-12-9-inch-m2_2.png',400000,_binary '',17,3),(194,'Samsung Galaxy Tab S9 FE 5G 6GB 128GB - Chỉ có tại CellphoneS',12990000,24,45,2689,'Tặng gói dịch vụ đặc quyền (Microsoft Office 365,...) thông qua ứng dụng quà tặng Galaxy (Mã quà tặng có thể hết trước khi kết thúc chương trình) và 1 km khác','https://cellphones.com.vn/media/catalog/product/t/a/tab-s9-fe-5g-doc-quyen.png',300000,_binary '',2,3),(195,'Samsung Galaxy Tab S9 FE Plus WIFI 8GB 128GB',13990000,14,73,9768,'Trả góp 12 tháng 0 lãi, 0đ trả trước qua Samsung Finance+ và 1 km khác','https://cellphones.com.vn/media/catalog/product/s/a/samsung-galaxy-tab-s9-fe-plus-wifi_1_.png',400000,_binary '',2,3),(196,'Samsung Galaxy Tab S9 Wifi 12GB 256GB',21990000,14,16,9379,'Tặng gói dịch vụ đặc quyền (Microsoft Office 365,...) thông qua ứng dụng quà tặng Galaxy (Mã quà tặng có thể hết trước khi kết thúc chương trình) và 1 km khác','https://cellphones.com.vn/media/catalog/product/s/s/ss-tab-s9_1.png',500000,_binary '',2,3),(197,'Samsung Galaxy Tab S9 Ultra 12GB 256GB - Chỉ có tại CellphoneS',32990000,28,63,3882,'Trả góp 12 tháng 0 lãi, 0đ trả trước qua Samsung Finance+ và 1 km khác','https://cellphones.com.vn/media/catalog/product/s/s/ss-tab-s9-ultra_1_.png',500000,_binary '',2,3),(198,'Samsung Galaxy Tab A9 WIFI 4GB 64GB',3990000,13,155,3102,'Tặng sạc nhanh Samsung 15W type C trị giá 320.000đ và 1 km khác','https://cellphones.com.vn/media/catalog/product/s/a/samsung-galaxy-tab-a9_10_.png',500000,_binary '',2,3),(199,'Samsung Galaxy Tab S9 FE WIFI 6GB 128GB',9990000,10,19,502,'Trả góp 12 tháng 0 lãi, 0đ trả trước qua Samsung Finance+ và 1 km khác','https://cellphones.com.vn/media/catalog/product/s/a/samsung-galaxy-tab-s9-fe-wifi_3.png',300000,_binary '',2,3),(200,'Samsung Galaxy Tab S9 Wifi 8GB 128GB',19990000,15,89,6459,'Trả góp 12 tháng 0 lãi, 0đ trả trước qua Samsung Finance+ và 1 km khác','https://cellphones.com.vn/media/catalog/product/s/s/ss-tab-s9_3.png',600000,_binary '',2,3),(201,'Samsung Galaxy Tab S6 Lite 2024',8990000,6,22,1751,'Trả góp 12 tháng 0 lãi, 0đ trả trước qua Samsung Finance+ và 2 km khác','https://cellphones.com.vn/media/catalog/product/s/a/samsung-galaxy-tab-s6-lite.jpg',300000,_binary '',2,3),(202,'Samsung Galaxy Tab A9+ WIFI 4GB 64GB',5990000,8,146,6051,'Trả góp 12 tháng 0 lãi, 0đ trả trước qua Samsung Finance+ và 1 km khác','https://cellphones.com.vn/media/catalog/product/s/a/samsung-galaxy-tab-a9-plus_1.png',600000,_binary '',2,3),(203,'Samsung Galaxy Tab S9 FE Plus WIFI 12GB 256GB - Chỉ có tạiCellphoneS',15990000,16,53,9785,'Tặng gói dịch vụ đặc quyền (Microsoft Office 365,...) thông qua ứng dụng quà tặng Galaxy (Mã quà tặng có thể hết trước khi kết thúc chương trình) và 1 km khác','https://cellphones.com.vn/media/catalog/product/g/r/group_422244.png',500000,_binary '',2,3),(204,'Samsung Galaxy Tab S9 Ultra 16GB 1TB- Chỉ có tại CellphoneS',38990000,29,105,2387,'Tặng gói dịch vụ đặc quyền (Microsoft Office 365,...) thông qua ứng dụng quà tặng Galaxy (Mã quà tặng có thể hết trước khi kết thúc chương trình) và 1 km khác','https://cellphones.com.vn/media/catalog/product/s/s/ss-tab-s9-ultra_1__2.png',400000,_binary '',2,3),(205,'Samsung Galaxy Tab S9 Plus Wifi 12GB 256GB',25990000,15,18,7621,'Tặng gói dịch vụ đặc quyền (Microsoft Office 365,...) thông qua ứng dụng quà tặng Galaxy (Mã quà tặng có thể hết trước khi kết thúc chương trình) và 1 km khác','https://cellphones.com.vn/media/catalog/product/s/s/ss-tab-s9-plus_3.png',700000,_binary '',2,3),(206,'Samsung Galaxy Tab S9 5G 8GB 128GB',22990000,13,124,8390,'Tặng gói dịch vụ đặc quyền (Microsoft Office 365,...) thông qua ứng dụng quà tặng Galaxy (Mã quà tặng có thể hết trước khi kết thúc chương trình) và 1 km khác','https://cellphones.com.vn/media/catalog/product/s/s/ss-tab-s9_2.png',600000,_binary '',2,3),(207,'Samsung Galaxy Tab S9 Ultra 12GB 512GB - Chỉ có tại CellphoneS',34990000,27,142,2080,'Tặng gói dịch vụ đặc quyền (Microsoft Office 365,...) thông qua ứng dụng quà tặng Galaxy (Mã quà tặng có thể hết trước khi kết thúc chương trình) và 1 km khác','https://cellphones.com.vn/media/catalog/product/s/s/ss-tab-s9-ultra_1__1.png',300000,_binary '',2,3),(208,'Samsung Galaxy Tab S9 Plus 5G 12GB 256GB',28990000,14,127,9488,'Trả góp 12 tháng 0 lãi, 0đ trả trước qua Samsung Finance+ và 1 km khác','https://cellphones.com.vn/media/catalog/product/s/s/ss-tab-s9-plus_1__1.png',600000,_binary '',2,3),(209,'Samsung Galaxy Tab S9 5G 12GB 256GB',24990000,12,95,1548,'Tặng gói dịch vụ đặc quyền (Microsoft Office 365,...) thông qua ứng dụng quà tặng Galaxy (Mã quà tặng có thể hết trước khi kết thúc chương trình) và 1 km khác','https://cellphones.com.vn/media/catalog/product/s/s/ss-tab-s9_1_.png',700000,_binary '',2,3),(210,'Samsung Galaxy Tab S9 Plus 5G 12GB 512GB',30990000,13,156,6216,'Tặng gói dịch vụ đặc quyền (Microsoft Office 365,...) thông qua ứng dụng quà tặng Galaxy (Mã quà tặng có thể hết trước khi kết thúc chương trình) và 1 km khác','https://cellphones.com.vn/media/catalog/product/s/s/ss-tab-s9-plus_1__2.png',700000,_binary '',2,3),(211,'Samsung Galaxy Tab S9 Plus Wifi 12GB 512GB',27990000,14,60,7211,'Tặng gói dịch vụ đặc quyền (Microsoft Office 365,...) thông qua ứng dụng quà tặng Galaxy (Mã quà tặng có thể hết trước khi kết thúc chương trình) và 1 km khác','https://cellphones.com.vn/media/catalog/product/s/s/ss-tab-s9-plus.png',700000,_binary '',2,3),(212,'Xiaomi Pad 6 8GB 128GB - Chỉ có tại CellphoneS',9490000,12,11,5157,NULL,'https://cellphones.com.vn/media/catalog/product/m/i/mi-pad-6-cps-doc-quyen.png.jpg',300000,_binary '',3,3),(213,'Xiaomi Redmi Pad SE 6GB 128GB',5490000,9,64,7527,NULL,'https://cellphones.com.vn/media/catalog/product/x/i/xiaomi-redmi-pad-se_1_3.png',700000,_binary '',3,3),(214,'Xiaomi Pad 6 8GB 256GB',10490000,10,4,5017,NULL,'https://cellphones.com.vn/media/catalog/product/x/i/xiaomi-mi-pad-6-8gb-128gb_4__1.jpg',600000,_binary '',3,3),(215,'Smart Tivi Samsung 4K 55 inch UA55AU7002',13900000,40,80,2365,NULL,'https://cellphones.com.vn/media/catalog/product/u/a/ua55au7002.png',600000,_binary '',2,4),(216,'Smart Tivi Samsung UHD 4K 43 inch UA43AU7002',9900000,34,51,3981,NULL,'https://cellphones.com.vn/media/catalog/product/s/m/smart-tivi-samsung-uhd-4k-43-inch-ua43au7002.png',700000,_binary '',2,4),(217,'Smart Tivi Khung Tranh The Frame 4K Samsung LTV 55 inch 55LS03BA',31900000,54,194,3058,'Tặng khung tranh TV Samsung VG-SCFA55TKBRU','https://cellphones.com.vn/media/catalog/product/s/m/smart-tivi-khung-tranh-samsung-the-frame-ltv-4k-55-inch-55ls03ba.png',700000,_binary '',2,4),(218,'Smart Tivi Samsung Crystal UHD 4K 55 inch UA55AU7700KXXV',20900000,57,12,9672,NULL,'https://cellphones.com.vn/media/catalog/product/u/a/ua55au7700kxxv.png',500000,_binary '',2,4),(219,'Smart Tivi Samsung Crystal UHD 4K 50 inch UA50AU7700KXXV',17900000,50,11,2584,NULL,'https://cellphones.com.vn/media/catalog/product/s/m/smart-tivi-samsung-crystal-uhd-4k-50-inch-ua50au7700kxxv.png',300000,_binary '',2,4),(220,'Smart Tivi Samsung Crystal UHD 4K 43 inch 43AU7700',14400000,48,166,2553,NULL,'https://cellphones.com.vn/media/catalog/product/4/3/43au7700.png',400000,_binary '',2,4),(221,'Smart Tivi Samsung QLED 55 inch 55Q60BAK',22900000,50,44,4308,NULL,'https://cellphones.com.vn/media/catalog/product/s/m/smart_tivi_samsung_qled_55_inch_55q60bak.png',300000,_binary '',2,4),(222,'Smart Tivi Samsung Crystal UHD 55 Inch 55BU8000',18900000,47,58,8078,NULL,'https://cellphones.com.vn/media/catalog/product/6/5/65qn90ba_1_.png',500000,_binary '',2,4),(223,'Smart Tivi Samsung 4K 65 inch UA65AU7002',18900000,42,36,4029,NULL,'https://cellphones.com.vn/media/catalog/product/u/a/ua50au7002_1_.png',400000,_binary '',2,4),(224,'Smart Tivi 4K The Serif Samsung LTV 65 inch 65LS01B',33900000,45,70,8312,NULL,'https://cellphones.com.vn/media/catalog/product/6/5/65ls01b_.png',300000,_binary '',2,4),(225,'Smart Tivi Khung Tranh The Frame 4K Samsung LTV 85 inch 85LS03BA',106125000,20,163,1398,NULL,'https://cellphones.com.vn/media/catalog/product/m/a/mart-tivi-khung-tranh-samsung-the-frame-ltv-4k-43-inch-43ls03ba_2_.png',300000,_binary '',2,4),(226,'Smart Tivi Khung Tranh The Frame 4K Samsung LTV 75 inch 75LS03BA',72375000,20,61,5146,NULL,'https://cellphones.com.vn/media/catalog/product/s/m/smart-tivi-khung-tranh-samsung-the-frame-ltv-4k-75-inch-75ls03ba.png',500000,_binary '',2,4),(227,'Smart Tivi Samsung Neo QLED 8K 85 inch 85QN900B',274875000,20,2,3302,NULL,'https://cellphones.com.vn/media/catalog/product/s/m/smart-tivi-samsung-neo-qled-8k-85-inch-85qn900b.png',600000,_binary '',2,4),(228,'Smart Tivi OLED Samsung 4K 65 inch QA65S95B',47990000,20,30,9250,NULL,'https://cellphones.com.vn/media/catalog/product/q/a/qa65s95b.png',600000,_binary '',2,4),(229,'Smart Tivi OLED Samsung 4K 55 inch QA55S95B',47990000,20,19,1131,NULL,'https://cellphones.com.vn/media/catalog/product/q/a/qa55s95b_.png',400000,_binary '',2,4),(230,'Smart Tivi Samsung Crystal UHD 85 inch 85BU8500',74875000,20,139,6438,NULL,'https://cellphones.com.vn/media/catalog/product/7/5/75qn90ba_5_.png',500000,_binary '',2,4),(231,'Tivi Xiaomi A 32 inch HD',74875000,18,86,7426,NULL,'https://cellphones.com.vn/media/catalog/product/t/i/tivi_xiaomi_a_32_inch_hd.png',600000,_binary '',3,4),(232,'Tivi Xiaomi A Pro 55 inch 4K',11490000,23,27,9183,NULL,'https://cellphones.com.vn/media/catalog/product/6/5/65578_1_.png',400000,_binary '',3,4),(233,'Android Tivi Xiaomi A2 58 inch',13990000,46,70,5277,NULL,'https://cellphones.com.vn/media/catalog/product/a/n/android_tivi_xiaomi_a2_58_inch_1.png',300000,_binary '',3,4),(234,'Tivi Xiaomi A 43 inch Full HD',6490000,12,170,6478,NULL,'https://cellphones.com.vn/media/catalog/product/t/i/tivi_xiaomi_a_43_inch_full_hd.png',400000,_binary '',3,4),(235,'Tivi Xiaomi A Pro 65 inch 4K',14990000,11,3,5536,NULL,'https://cellphones.com.vn/media/catalog/product/t/i/tivi_xiaomi_a_pro_65_inch_4k.png',400000,_binary '',3,4),(236,'Android Tivi Xiaomi A2 32 inch',5990000,33,27,7907,NULL,'https://cellphones.com.vn/media/catalog/product/s/m/smart-tivi-xiaomi-a2-32-inch.png',700000,_binary '',3,4),(237,'Xiaomi Smart Display Max 86 inch - Chỉ có tại CellphoneS',29990000,15,5,6337,NULL,'https://cellphones.com.vn/media/catalog/product/t/i/tivi-xiaomi-redmi-max-86-inch_11_.png',700000,_binary '',3,4),(238,'Android Tivi Xiaomi P1 55 inch',11990000,38,27,5373,NULL,'https://cellphones.com.vn/media/catalog/product/s/m/smart-tivi-xiaomi-p1-55-inch.png',500000,_binary '',3,4),(239,'Smart Tivi LG 4K 65 inch 65UR7550PSC',16900000,29,80,8814,NULL,'https://cellphones.com.vn/media/catalog/product/s/m/smart-tivi-samsung-crystal-uhd-4k-50-inch-ua50au7700kxxv_1_.png',600000,_binary '',20,4),(240,'Smart Tivi di động LG Stanby Me 27inch Version 202427ART10CKPL.ATV',22990000,22,190,8547,NULL,'https://cellphones.com.vn/media/catalog/product/s/m/smart_tivi_di_ng_lg_stanby_me_27inch_2024.png',400000,_binary '',20,4),(241,'Smart Tivi LG UHD 4K 43 inch 43UQ7050',10900000,36,134,5232,NULL,'https://cellphones.com.vn/media/catalog/product/4/3/43uq7050.png',600000,_binary '',20,4),(242,'Smart Tivi LG UHD 4K 55 inch 55UQ7050',13900000,35,74,3074,NULL,'https://cellphones.com.vn/media/catalog/product/5/5/55uq7050.png',600000,_binary '',20,4),(243,'Smart Tivi LG UHD 4K 50 inch 50UQ7050',11900000,29,60,915,NULL,'https://cellphones.com.vn/media/catalog/product/7/0/70205.png',700000,_binary '',20,4),(244,'Thiết bị giải trí xách tay LG StanbyME Go 27 inch',22900000,28,171,5865,NULL,'https://cellphones.com.vn/media/catalog/product/7/0/70204.png',400000,_binary '',20,4),(245,'Tivi LG 43LM5750PTC FHD 43 inch',7990000,26,138,6419,NULL,'https://cellphones.com.vn/media/catalog/product/t/e/text_ng_n_4__6_4.png',500000,_binary '',20,4),(246,'Smart Tivi NanoCell LG 4K 65 inch 65NANO76SQA',29900000,55,19,9369,NULL,'https://cellphones.com.vn/media/catalog/product/d/v/dvv_1_1.png',700000,_binary '',20,4),(247,'Smart Tivi NanoCell LG 4K 55 inch 55NANO76SQA',22900000,50,199,3096,NULL,'https://cellphones.com.vn/media/catalog/product/6/5/65578dfv.png',700000,_binary '',20,4),(248,'Smart Tivi LG OLED 4K 55 INCH (55A3PSA)',33990000,37,74,1813,NULL,'https://cellphones.com.vn/media/catalog/product/7/1/71559.png',600000,_binary '',20,4),(249,'Google Tivi Coocaa 4K 55 inch 55Y72',20000000,65,189,8375,NULL,'https://cellphones.com.vn/media/catalog/product/s/m/smart-tivi-coocaa-hd-32-inch-32s3u_1_.png',500000,_binary '',21,4),(250,'Smart Google Tivi Coocaa 4K 70 inch 70C9',25000000,66,171,5513,NULL,'https://cellphones.com.vn/media/catalog/product/f/v/fvfv.png',400000,_binary '',21,4),(251,'Tivi Coocaa HD 32 inch 32R5 (model 2023)',3990000,28,44,8331,NULL,'https://cellphones.com.vn/media/catalog/product/t/i/tivi-coocaa-hd-32-inch-32r5.png',400000,_binary '',21,4),(252,'Google Tivi Coocaa HD 32 inch 32Z72',5990000,38,159,1030,NULL,'https://cellphones.com.vn/media/catalog/product/f/v/fvfv_2_.png',300000,_binary '',21,4),(253,'Smart Tivi Coocaa FHD 43 inch Wifi 43S3U',9000000,58,75,9689,NULL,'https://cellphones.com.vn/media/catalog/product/s/m/smart_tivi_coocaa_fhd_43_inch_wifi_43s3u.png',500000,_binary '',21,4),(254,'Smart Tivi Sony 4K 55 inch KD-55X75K VN3',20900000,43,174,6581,NULL,'https://cellphones.com.vn/media/catalog/product/s/m/smart-tivi-sony-4k-55-inch-kd-55x75k.png',500000,_binary '',15,4),(255,'Smart Tivi Sony 4K 65 inch KD-65X75K VN3',24900000,42,25,7374,NULL,'https://cellphones.com.vn/media/catalog/product/s/m/smart_tivi_samsung_qled_55_inch_55q60bak_1_.png',300000,_binary '',15,4),(256,'Google Tivi Sony 4K 55 inch KD-55X80L',21900000,29,45,4386,NULL,'https://cellphones.com.vn/media/catalog/product/g/o/google-tivi-sony-kd-43x80l-4k-43-inch_1_1.png',700000,_binary '',15,4),(257,'Smart Tivi Sony 4K 43 inch KD-43X75K VN3',15960000,42,144,6317,NULL,'https://cellphones.com.vn/media/catalog/product/d/v/dvfvd.png',700000,_binary '',15,4),(258,'Google Tivi Sony 4K 43 inch KD-43X80L',18500000,36,75,4876,NULL,'https://cellphones.com.vn/media/catalog/product/g/o/google-tivi-sony-kd-43x80l-4k-43-inch.png',500000,_binary '',15,4),(259,'Smart Tivi Sony 4K 77 inch XR-77A80K VN3',136500000,20,34,1018,NULL,'https://cellphones.com.vn/media/catalog/product/s/m/smart_tivi_sony_4k_77_inch_xr-77a80k_vn3.png',600000,_binary '',15,4),(260,'Google Tivi OLED Sony 4K 55 inch XR-55A80L',65000000,20,135,2239,NULL,'https://cellphones.com.vn/media/catalog/product/g/o/google-tivi-oled-sony-xr-55a80l-4k-55-inch_8_.png',700000,_binary '',15,4),(261,'Smart Tivi Sony 4K 75 inch XR-75X95K VN3',146475000,20,29,8925,NULL,'https://cellphones.com.vn/media/catalog/product/d/v/dv_2_1.png',700000,_binary '',15,4),(262,'Màn hình di động Asus ZenScreen MB166CR 15.6 inch',4290000,14,173,9589,NULL,'https://cellphones.com.vn/media/catalog/product/m/a/man-hinh-di-dong-asus-zenscreen-mb166cr-15-6-inch_4_.png',300000,_binary '',6,5),(263,'Màn hình Gaming ASUS TUF VG246H1A 24 inch',3490000,26,92,7373,NULL,'https://cellphones.com.vn/media/catalog/product/m/a/man-hinh-asus-tuf-gaming-vg246h1a-24-inch.png',500000,_binary '',6,5),(264,'Màn hình Gaming ASUS TUF VG249Q3A 24 inch',3990000,20,9,644,NULL,'https://cellphones.com.vn/media/catalog/product/m/a/man-hinh-gaming-asus-tuf-vg249q3a-24-inch.png',700000,_binary '',6,5),(265,'Màn hình đồ họa ASUS ProArt PA248QV 24.1 inch',6490000,23,127,7048,NULL,'https://cellphones.com.vn/media/catalog/product/0/2/02_3_3.png',300000,_binary '',6,5),(266,'Màn hình mở rộng ASUS MB166C 16 inch',4990000,30,114,7175,NULL,'https://cellphones.com.vn/media/catalog/product/m/a/man-hinh-mo-rong-asus-mb166c-16-inch.png',400000,_binary '',6,5),(267,'Màn hình Gaming ASUS VY249HGE 24 inch',4490000,36,189,9459,NULL,'https://cellphones.com.vn/media/catalog/product/m/a/man-hinh-gaming-asus-vy249hge-24-inch_1_.png',700000,_binary '',6,5),(268,'Màn hình Gaming Asus ROG Strix XG27ACS 27 inch',8990000,11,98,2231,NULL,'https://cellphones.com.vn/media/catalog/product/m/a/man-hinh-gaming-asus-rog-strix-xg27acs-27-inch.png',500000,_binary '',6,5),(269,'Màn hình ASUS VA24EHF 24 inch',3490000,32,56,1922,NULL,'https://cellphones.com.vn/media/catalog/product/m/a/man-hinh-asus-va24ehf-24-inch-spa.png',600000,_binary '',6,5),(270,'Màn hình Gaming ASUS TUF VG27AQ3A 27 inch',7290000,7,111,7955,NULL,'https://cellphones.com.vn/media/catalog/product/m/a/man-hinh-gaming-asus-tuf-vg249q3a-24-inch_1__3.png',500000,_binary '',6,5),(271,'Màn hình đồ họa ASUS ProArt PA278CV 27 inch',10990000,17,82,3373,NULL,'https://cellphones.com.vn/media/catalog/product/0/7/07_3_1.png',600000,_binary '',6,5),(272,'Màn hình Asus TUF Gaming VG279Q1A 27 inch',6990000,43,136,6630,NULL,'https://cellphones.com.vn/media/catalog/product/2/7/27_2_41.jpg',600000,_binary '',6,5),(273,'Màn hình đồ họa ASUS ProArt PA247CV 23.8 inch',7490000,27,85,3172,NULL,'https://cellphones.com.vn/media/catalog/product/0/4/04_4.png',500000,_binary '',6,5),(274,'Màn hình Gaming ASUS VY249HF 24 inch',2690000,11,138,5696,NULL,'https://cellphones.com.vn/media/catalog/product/m/a/man-hinh-gaming-asus-vy249hf-24-inch.png',500000,_binary '',6,5),(275,'Màn hình đồ họa ASUS ProArt PA279CV',13860000,13,60,8753,NULL,'https://cellphones.com.vn/media/catalog/product/1/1/11_5_2.png',500000,_binary '',6,5),(276,'Màn hình đồ họa ASUS ProArt PA279CV-J 27 inch',13860000,17,15,4993,NULL,'https://cellphones.com.vn/media/catalog/product/0/3/03_4_1_2.png',400000,_binary '',6,5),(277,'Màn hình Samsung LU28R550UQEXXV 28 inch',274875000,39,129,2673,NULL,'https://cellphones.com.vn/media/catalog/product/2/_/2_63_1.png',300000,_binary '',2,5),(278,'Màn hình Samsung Gaming Odyssey G5 LC34G55TWWEXXV 34 inch',12990000,42,69,1876,NULL,'https://cellphones.com.vn/media/catalog/product/m/a/man-hinh-samsung-gaming-odyssey-g5-lc34g55twwexxv-34-inch.png',300000,_binary '',2,5),(279,'Màn hình Samsung LS24C330GAEXXV 24 inch',2989000,20,79,7529,NULL,'https://cellphones.com.vn/media/catalog/product/m/a/man-hinh-samsung-ls24c330gaexxv-24-inch.png',400000,_binary '',2,5),(280,'Màn hình thông minh Samsung LS32BM700UEXXV 32 inch',10990000,47,77,2217,NULL,'https://cellphones.com.vn/media/catalog/product/8/3/83_2.jpg',700000,_binary '',2,5),(281,'Màn hình cong Gaming ASUS TUF VG34VQL3A 34 inch',10990000,21,156,3067,NULL,'https://cellphones.com.vn/media/catalog/product/m/a/man-hinh-cong-gaming-asus-tuf-vg34vql3a-34-inch.png',700000,_binary '',2,5),(282,'Màn hình Samsung LS27C330GAEXXV 27 inch',3599000,20,34,9782,NULL,'https://cellphones.com.vn/media/catalog/product/m/a/man-hinh-samsung-ls27c330gaexxv-27-inch_1__1_2.png',300000,_binary '',2,5),(283,'Màn hình Samsung Viewfinity S8 UHD LS27B800PXEXXV 27 inch',12990000,43,152,5553,NULL,'https://cellphones.com.vn/media/catalog/product/g/r/group_179_1_.png',700000,_binary '',2,5),(284,'Màn hình Samsung ViewFinity S9 5K (S90PC) 27 inch',29990000,23,156,2160,NULL,'https://cellphones.com.vn/media/catalog/product/m/a/man-hinh-samsung-viewfinity-s9-5k-27-inch.png',400000,_binary '',2,5),(285,'Màn hình thông minh Samsung LS32CM501EEXXV 32 inch',6990000,36,72,8372,NULL,'https://cellphones.com.vn/media/catalog/product/m/a/man-hinh-samsung-ls32cm501eexxv-32-inch-ksp.png',400000,_binary '',2,5),(286,'Màn hình thông minh Samsung M8 LS32CM801UEXXV 32 inch',16990000,32,134,9714,NULL,'https://cellphones.com.vn/media/catalog/product/m/a/man-hinh-samsung-m8-ls32cm801uexxv-32-inch.png',400000,_binary '',2,5),(287,'Màn hình Samsung 27 inch LF27T450FQEXXV',5639000,45,19,9901,NULL,'https://cellphones.com.vn/media/catalog/product/m/a/man-hinh-samsung-27-inch-lf27t450fqexxv.png',300000,_binary '',2,5),(288,'Màn hình Samsung Odyssey G5 LS27CG552 27 inch',7990000,33,80,6762,NULL,'https://cellphones.com.vn/media/catalog/product/m/a/man-hinh-gaming-samsung-odyssey-g5-ls27cg552-27-inch-10.png',500000,_binary '',2,5),(289,'Màn hình Samsung Viewfinity S8 UHD LS32B800PXEXXV 32 inch',13990000,39,187,8167,NULL,'https://cellphones.com.vn/media/catalog/product/m/a/man-hinh-samsung-viewfinity-s8-uhd-ls32b800pxexxv-32-inch.png',500000,_binary '',2,5),(290,'Màn hình Samsung Odyssey OLED G9 LS49CG934 49 inch',44990000,36,189,9759,NULL,'https://cellphones.com.vn/media/catalog/product/m/a/man-hinh-gaming-samsung-odyssey-oled-g9-ls49cg934-49-inch-10.png',400000,_binary '',2,5),(291,'Màn hình thông minh Samsung LS43BM702UEXXV 43 inch',10990000,27,76,6500,NULL,'https://cellphones.com.vn/media/catalog/product/m/a/man-hinh-samsung-ls43bm702uexxv-43-inch.png',400000,_binary '',2,5),(292,'Màn hình Samsung Odyssey G5 LS32CG552 32 inch',8990000,33,113,8432,NULL,'https://cellphones.com.vn/media/catalog/product/m/a/man-hinh-gaming-samsung-odyssey-g5-ls32cg552-32-inch-10.png',400000,_binary '',2,5),(293,'Màn hình cong Samsung LS24C360EAEXXV 24 inch',2990000,20,130,7358,NULL,'https://cellphones.com.vn/media/catalog/product/m/a/man-hinh-cong-samsung-ls24c360eaexxv-24-inch_2__1.png',300000,_binary '',2,5),(294,'Màn hình Samsung LS27C310EAEXXS 27 inch',3990000,25,14,3229,NULL,'https://cellphones.com.vn/media/catalog/product/m/a/man-hinh-samsung-ls27c310eaexxs-27-inch.png',700000,_binary '',2,5),(295,'Màn hình Samsung LS24R350FZEXXV 23.8',4789000,52,168,636,NULL,'https://cellphones.com.vn/media/catalog/product/g/r/group_179_1__1.png',300000,_binary '',2,5),(296,'Màn hình thông minh Samsung M8 LS32CM80PUEXXV 32 inch',16990000,39,113,6734,NULL,'https://cellphones.com.vn/media/catalog/product/m/a/man-hinh-samsung-m8-ls32cm80puexxv-32-inch.png',600000,_binary '',2,5),(297,'Màn hình MSI Pro MP223 22 inch',2090000,19,95,8056,NULL,'https://cellphones.com.vn/media/catalog/product/m/a/man-hinh-msi-pro-mp223-22-inch.png',300000,_binary '',9,5),(298,'Màn hình văn phòng MSI Pro MP241X 24 inch',2790000,32,60,7033,NULL,'https://cellphones.com.vn/media/catalog/product/m/a/man-hinh-msi-pro-mp241x-24-inch.png',400000,_binary '',9,5),(299,'Màn hình di động MSI Pro MP161 E2 15.6 inch',4490000,18,155,5008,NULL,'https://cellphones.com.vn/media/catalog/product/m/a/man-hinh-di-dong-msi-pro-mp161-e2-15-6-inch_1_.jpg',300000,_binary '',9,5),(300,'Màn hình Gaming MSI G244F 24 inch',3990000,25,113,827,NULL,'https://cellphones.com.vn/media/catalog/product/m/a/man-hinh-gaming-msi-g244f-24-inch.png',700000,_binary '',9,5),(301,'Màn hình MSI PROMP243 24 inch',2890000,28,33,4504,NULL,'https://cellphones.com.vn/media/catalog/product/g/a/gaming_14_1_.png',500000,_binary '',9,5),(302,'Màn hình MSI Pro MP275Q 27 inch',4390000,7,161,7527,NULL,'https://cellphones.com.vn/media/catalog/product/f/r/frame_195_7_.jpg',500000,_binary '',9,5),(303,'Màn hình Gaming MSI G255F 25 inch',3590000,8,50,9618,NULL,'https://cellphones.com.vn/media/catalog/product/g/r/group_183_1_2.png',700000,_binary '',9,5),(304,'Màn hình MSI Pro MP225 22 inch',2590000,27,173,5282,NULL,'https://cellphones.com.vn/media/catalog/product/f/r/frame_195_4_.jpg',300000,_binary '',9,5),(305,'Màn hình MSI Pro MP243XW 24 inch',2990000,20,184,5732,NULL,'https://cellphones.com.vn/media/catalog/product/m/a/man-hinh-msi-promp243xw-24-inch.png',700000,_binary '',9,5),(306,'Màn hình MSI PROMP273P 27 inch',4690000,32,99,7392,NULL,'https://cellphones.com.vn/media/catalog/product/g/a/gaming_14_3__2.png',600000,_binary '',9,5),(307,'Tai nghe Bluetooth thể thao SoundPEATS GoFree2',2150000,45,39,3229,NULL,'https://cellphones.com.vn/media/catalog/product/t/a/tai-nghe-khong-day-soundpeats-gofree-2_1_.png',500000,_binary '',12,6),(308,'Tai nghe Bluetooth thể thao SoundPEATS Wings2',890000,34,113,671,NULL,'https://cellphones.com.vn/media/catalog/product/t/a/tai-nghe-khong-day-soundpeats-wings2-0.png',300000,_binary '',12,6),(309,'Tai nghe Bluetooth True Wireless SoundPEATS Mac',890000,56,10,7707,NULL,'https://cellphones.com.vn/media/catalog/product/g/r/group_198_1_.png',300000,_binary '',12,6),(310,'Tai nghe Bluetooth True Wireless SoundPEATS Air 3',1500000,47,102,7189,NULL,'https://cellphones.com.vn/media/catalog/product/g/r/group_199_1__3.png',600000,_binary '',12,6),(311,'Tai nghe Bluetooth True Wireless SoundPEATS Air4 Pro',1990000,42,68,8424,NULL,'https://cellphones.com.vn/media/catalog/product/t/a/tai-nghe-khong-day-soundpeats-air-4-pro_9_.png',400000,_binary '',12,6),(312,'Tai nghe Bluetooth thể thao SoundPEATS GoFree',1190000,29,115,3501,NULL,'https://cellphones.com.vn/media/catalog/product/t/a/tai-nghe-khong-day-soundpeats-gofree.png',700000,_binary '',12,6),(313,'Tai nghe Bluetooth thể thao SoundPEATS Runfree',1250000,37,85,9189,NULL,'https://cellphones.com.vn/media/catalog/product/t/a/tai-nghe-khong-day-soundpeats-runfree.png',700000,_binary '',12,6),(314,'Tai nghe Bluetooth True Wireless SoundPEATS True Air 2',1300000,52,197,3897,NULL,'https://cellphones.com.vn/media/catalog/product/g/r/group_199_1_1.png',400000,_binary '',12,6),(315,'Tai nghe Bluetooth True Wireless SoundPEATS Air 4',1590000,31,130,4871,NULL,'https://cellphones.com.vn/media/catalog/product/t/a/tai-nghe-khong-day-soundpeats-air-4_1_.png',700000,_binary '',12,6),(316,'Tai nghe Bluetooth True Wireless SoundPEATS Capsule 3 Pro',1690000,44,40,9766,NULL,'https://cellphones.com.vn/media/catalog/product/g/r/group_116_2.png',600000,_binary '',12,6),(317,'Tai nghe Bluetooth True Wireless SoundPEATS Capsule 3 ProTransparent',1690000,44,54,9516,NULL,'https://cellphones.com.vn/media/catalog/product/t/a/tai-nghe-khong-day-soundpeats-capsule-3-pro-transparent-spa.png',500000,_binary '',12,6),(318,'Tai nghe Bluetooth True Wireless SoundPEATS Clear',750000,29,172,7364,NULL,'https://cellphones.com.vn/media/catalog/product/t/a/tai-nghe-khong-day-soundpeats-clear_1_.png',400000,_binary '',12,6),(319,'Tai nghe Bluetooth True Wireless TRUEFREE T3',590000,47,80,1271,NULL,'https://cellphones.com.vn/media/catalog/product/t/a/tai-nghe-khong-day-truefree-t3.png',700000,_binary '',12,6),(320,'Tai nghe Bluetooth chụp tai SoundPEATS A8 - Chỉ có tạiCellphoneS',1600000,51,163,8818,NULL,'https://cellphones.com.vn/media/catalog/product/t/a/tai-nghe-chup-tai-soundpeats-a8_1_1.png',700000,_binary '',12,6),(321,'Tai nghe Bluetooth True Wireless SoundPEATS Air 4 Lite',1590000,38,45,3706,NULL,'https://cellphones.com.vn/media/catalog/product/t/a/tai-nghe-khong-day-soundpeats-air-4-lite_7_.png',700000,_binary '',12,6),(322,'Tai nghe Bluetooth True Wireless SoundPEATS Opera 05',2190000,25,199,1794,NULL,'https://cellphones.com.vn/media/catalog/product/g/r/group_277_1__2.png',700000,_binary '',12,6),(323,'Tai nghe Bluetooth True Wireless SoundPEATS Life',1390000,50,116,2270,NULL,'https://cellphones.com.vn/media/catalog/product/g/r/group_115_1.png',400000,_binary '',12,6),(324,'Tai nghe Bluetooth True Wireless SoundPEATS Air3 Deluxe HS',1750000,49,106,3112,NULL,'https://cellphones.com.vn/media/catalog/product/g/r/group_116_1.png',500000,_binary '',12,6),(325,'Tai nghe Bluetooth True Wireless SoundPEATS Opera 03',1790000,25,48,6393,NULL,'https://cellphones.com.vn/media/catalog/product/t/a/tai-nghe-khong-day-soundpeats-opera-03.png',400000,_binary '',12,6),(326,'Tai nghe Bluetooth True Wireless SoundPEATS Air3 Deluxe',1690000,44,80,8472,NULL,'https://cellphones.com.vn/media/catalog/product/t/a/tai-nghe-khong-day-soundpeats-air3-deluxe-0.png',400000,_binary '',12,6),(327,'Tai nghe Bluetooth True Wireless JBL Wave Beam',1490000,13,197,7987,NULL,'https://cellphones.com.vn/media/catalog/product/t/a/tai-nghe-khong-day-jbl-wave-beam-0000.png',700000,_binary '',13,6),(328,'Tai nghe Bluetooth True Wireless JBL Tune Flex - Chỉ có tạiCellphoneS',2690000,23,67,7298,NULL,'https://cellphones.com.vn/media/catalog/product/g/r/group_292.png',300000,_binary '',13,6),(329,'Tai nghe Bluetooth JBL T115BT',490000,47,40,4503,NULL,'https://cellphones.com.vn/media/catalog/product/j/b/jbl_t115bt_1.png',500000,_binary '',13,6),(330,'Tai nghe Bluetooth True Wireless JBL Live Pro 2',3990000,30,177,850,'Đăng nhập tài khoản thành viên để được giá ưu đãi tốt nhất','https://cellphones.com.vn/media/catalog/product/g/r/group_157_1.png',500000,_binary '',13,6),(331,'Tai nghe Bluetooth True Wireless JBL Tune Beam',2490000,8,23,5081,NULL,'https://cellphones.com.vn/media/catalog/product/t/a/tai-nghe-bluetooth-jbl-tune-beam_1.png',500000,_binary '',13,6),(332,'Tai nghe Bluetooth chụp tai JBL Tune 520BT',1390000,5,133,720,'Đăng nhập tài khoản thành viên để được giá ưu đãi tốt nhất','https://cellphones.com.vn/media/catalog/product/t/a/tai-nghe-chup-tai-jbl-tune-520bt.png',400000,_binary '',13,6),(333,'Tai nghe Bluetooth True Wireless JBL Tour Pro 2',5990000,13,118,1125,'Đăng nhập tài khoản thành viên để được giá ưu đãi tốt nhất','https://cellphones.com.vn/media/catalog/product/t/a/tai-nghe-bluetooth-jbl-tour-pro-2.png',500000,_binary '',13,6),(334,'Tai nghe Bluetooth chụp tai JBL Tune 670NC',2490000,16,132,5162,NULL,'https://cellphones.com.vn/media/catalog/product/t/a/tai-nghe-chup-tai-jbl-tune-570nc-1.png',500000,_binary '',13,6),(335,'Tai nghe Bluetooth thể thao JBL Soundgear Sense',3990000,8,147,4154,NULL,'https://cellphones.com.vn/media/catalog/product/t/a/tai-nghe-khong-day-jbl-soundgear-sense_16_.png',500000,_binary '',13,6),(336,'Tai nghe Bluetooth chụp tai JBL Live 670NC',2990000,13,139,701,NULL,'https://cellphones.com.vn/media/catalog/product/t/a/tai-nghe-chup-tai-jbl-live-670nc_2_.png',300000,_binary '',13,6),(337,'Tai nghe Gaming JBL Quantum One',5490000,53,78,9276,NULL,'https://cellphones.com.vn/media/catalog/product/t/a/tai-nghe-jbl-quantum-one.png',500000,_binary '',13,6),(338,'Tai nghe Bluetooth True Wireless Marshall Minor IV',4612500,20,92,7570,'Đăng nhập tài khoản thành viên để được giá ưu đãi tốt nhất','https://cellphones.com.vn/media/catalog/product/t/a/tai-nghe-bluetooth-marshall-minor-4_6_.png',400000,_binary '',14,6),(339,'Tai nghe Bluetooth chụp tai Marshall Major 4',4290000,10,118,4454,'Đăng nhập tài khoản thành viên để được giá ưu đãi tốt nhất','https://cellphones.com.vn/media/catalog/product/g/r/group_149_1_1.png',400000,_binary '',14,6),(340,'Tai nghe Bluetooth True Wireless Marshall Motif ANC',5990000,42,175,4015,'Đăng nhập tài khoản thành viên để được giá ưu đãi tốt nhất','https://cellphones.com.vn/media/catalog/product/g/r/group_150_1__1.png',400000,_binary '',14,6),(341,'Tai nghe Bluetooth True Wireless Marshall Motif II ANC',5490000,10,149,6636,'Đăng nhập tài khoản thành viên để được giá ưu đãi tốt nhất','https://cellphones.com.vn/media/catalog/product/t/a/tai-nghe-khong-day-marshall-motif-ii-anc_4_.png',400000,_binary '',14,6),(342,'Tai nghe Bluetooth True Wireless Marshall Monitor 2 ANC',7990000,10,93,7039,'Đăng nhập tài khoản thành viên để được giá ưu đãi tốt nhất','https://cellphones.com.vn/media/catalog/product/t/a/tai-nghe-bluetooth-marshall-monitor-2-anc-00.png',300000,_binary '',14,6),(343,'Tai nghe Bluetooth chụp tai Sony WH-1000XM5',7990000,16,157,593,NULL,'https://cellphones.com.vn/media/catalog/product/g/r/group_172_2.png',700000,_binary '',15,6),(344,'Tai nghe Bluetooth chụp tai Sony WH-CH520',1290000,16,45,5515,NULL,'https://cellphones.com.vn/media/catalog/product/t/a/tai-nghe-chup-tai-sony-wh-ch520.png',600000,_binary '',15,6),(345,'Tai nghe Bluetooth True Wireless Sony WF-1000XM5',6990000,17,140,7299,'QUÀ TẶNG VỎ BẢO VỆ SILICON DÀNH CHO TAI NGHE SONY WF-1000XM5 (số lượng có hạn)','https://cellphones.com.vn/media/catalog/product/t/a/tai-nghe-khong-day-sony-wf-1000xm5.png',400000,_binary '',15,6),(346,'Tai nghe Bluetooth chụp tai Sony WH-1000XM4',6690000,22,6,4340,NULL,'https://cellphones.com.vn/media/catalog/product/g/r/group_17333.png',700000,_binary '',15,6),(347,'Tai nghe chụp tai Sony WH-ULT900N',5612500,20,56,9067,'Tặng Mũ New Era x MLB trị giá 1.000.000đ','https://cellphones.com.vn/media/catalog/product/t/a/tai-nghe-chup-tai-sony-wh-ult900n_2.png',300000,_binary '',15,6),(348,'Tai nghe Bluetooth chụp tai Sony WH-CH720N',2990000,10,9,5275,NULL,'https://cellphones.com.vn/media/catalog/product/g/r/group_275_3.png',600000,_binary '',15,6),(349,'Tai nghe Sony MDR E9LP',248750,20,48,6406,NULL,'https://cellphones.com.vn/media/catalog/product/g/r/group_27_1__1_2.png',300000,_binary '',15,6),(350,'Tai nghe Bluetooth True Wireless Sony Linkbuds S',5490000,46,33,992,NULL,'https://cellphones.com.vn/media/catalog/product/g/r/group_187_4_.png',600000,_binary '',15,6),(351,'Tai nghe chụp tai Sony MDR-ZX110AP',590000,27,86,9910,NULL,'https://cellphones.com.vn/media/catalog/product/g/r/group_189_2.png',300000,_binary '',15,6),(352,'Tai nghe không dây Gaming Sony INZONE Buds',4790000,17,129,1265,NULL,'https://cellphones.com.vn/media/catalog/product/t/a/tai-nghe-khong-day-sony-inzone-buds-ksp_2_.png',600000,_binary '',15,6),(353,'Tai nghe chụp tai Gaming Sony Inzone H3',2290000,44,87,1846,NULL,'https://cellphones.com.vn/media/catalog/product/g/r/group_189_1_.png',400000,_binary '',15,6),(354,'Tai nghe Sony MDR-EX15AP',290000,34,45,920,NULL,'https://cellphones.com.vn/media/catalog/product/g/r/group_27_1__2.png',300000,_binary '',15,6),(355,'Tai nghe Sony MDR-EX155AP',440000,27,82,6617,NULL,'https://cellphones.com.vn/media/catalog/product/g/r/group_27_2.png',600000,_binary '',15,6),(356,'Tai nghe Bluetooth thể thao Sony Float Run WI-OE610',2490000,16,75,3400,NULL,'https://cellphones.com.vn/media/catalog/product/t/a/tai-nghe-khong-day-sony-float-run.png',300000,_binary '',15,6),(357,'Tai nghe Gaming chụp tai không dây Sony INZONE H5',3790000,18,113,6407,'Tặng Pin dự phòng Energizer 10.000MAH trị giá 900.000đ','https://cellphones.com.vn/media/catalog/product/t/a/tai-nghe-chup-tai-sony-inzone-h5_1.png',500000,_binary '',15,6),(358,'Tai nghe Gaming chụp tai Sony Inzone H9',5850000,18,118,8229,NULL,'https://cellphones.com.vn/media/catalog/product/g/r/group_188_1.png',500000,_binary '',15,6),(359,'Tai nghe Bluetooth Apple AirPods Pro 2 2023 USB-C | Chính hãngApple Việt Nam',6190000,10,145,1590,NULL,'https://cellphones.com.vn/media/catalog/product/a/p/apple-airpods-pro-2-usb-c_1_.png',400000,_binary '',16,6),(360,'Tai nghe Bluetooth Apple AirPods 3 2022 sạc có dây | Chính hãngApple Việt Nam',4990000,20,35,7424,'Nhận gói 6 tháng Apple Music miễn phí','https://cellphones.com.vn/media/catalog/product/g/r/group_170_1_1.png',500000,_binary '',16,6),(361,'Tai nghe Bluetooth Apple AirPods 2 | Chính hãng Apple Việt Nam',3990000,33,86,1178,'Nhận gói 6 tháng Apple Music miễn phí','https://cellphones.com.vn/media/catalog/product/g/r/group_169_2.png',500000,_binary '',16,6),(362,'Tai nghe Bluetooth Apple AirPods 3 MagSafe | Chính hãng AppleViệt Nam',4790000,13,150,7627,'Nhận gói 6 tháng Apple Music miễn phí','https://cellphones.com.vn/media/catalog/product/g/r/group_170_9.png',600000,_binary '',16,6),(363,'Tai nghe Apple EarPods Lightning (MMTN2) Chính hãng Apple ViệtNam',790000,37,146,6758,NULL,'https://cellphones.com.vn/media/catalog/product/f/r/frame_3_3.png',400000,_binary '',16,6),(364,'Tai nghe Apple EarPods USB-C MTJY3ZA/A | Chính hãng Apple ViệtNam',687500,20,103,5894,NULL,'https://cellphones.com.vn/media/catalog/product/t/a/tai-nghe-apple-earpods-usb-c_1_.png',500000,_binary '',16,6),(365,'Đồng hồ thông minh Coros Pace 3 dây cao su',7725000,20,49,4628,'Tham khảo trả góp 0% và 2 km khác','https://cellphones.com.vn/media/catalog/product/c/o/coros_pace_3.png',300000,_binary '',18,7),(366,'Đồng hồ thông minh Coros Pace 3 dây Nylon',7725000,20,148,8752,'Thu cũ lên đời - Giá thu cao nhất - Tặng thêm 1 triệu khi lên đời và 2 km khác','https://cellphones.com.vn/media/catalog/product/c/o/coros_pace_3_day_vai.png',600000,_binary '',18,7),(367,'Đồng hồ thông minh Coros Apex 2 Pro dây Nylon',16000000,20,118,1199,'Thu cũ đồng hồ trợ giá đến 400K và 2 km khác','https://cellphones.com.vn/media/catalog/product/c/o/coros_3_.png',600000,_binary '',18,7),(368,'Đồng hồ thông minh Coros Apex 2 dây nylon',12487500,20,151,7044,'Tai nghe không dây Soundpeats Runfree và 2 km khác','https://cellphones.com.vn/media/catalog/product/c/o/coros_2_.png',300000,_binary '',18,7),(369,'Đồng hồ thông minh Coros Vertix 2',22487500,20,32,4130,'T.BS.23.B và 1 km khác','https://cellphones.com.vn/media/catalog/product/c/o/coros_vertix.png',500000,_binary '',18,7),(370,'Đai đo nhịp tim Coros HR Monitor',2687500,20,51,9190,NULL,'https://cellphones.com.vn/media/catalog/product/h/e/heart-rate-monitor_5.jpg',300000,_binary '',18,7),(371,'Cảm biến chạy bộ Coros Pod 2',3312500,20,184,2563,NULL,'https://cellphones.com.vn/media/catalog/product/t/e/text_ng_n_6__1_17.png',500000,_binary '',18,7),(372,'Đồng hồ thông minh Coros Vertix 2S',23500000,20,53,6556,'T.BS.23.B','https://cellphones.com.vn/media/catalog/product/c/o/coros_2_3.png',500000,_binary '',18,7),(373,'Đồng hồ Samsung Galaxy Fit 3',1737500,20,123,2098,'Giảm ngay 300.000đ khi mua Samsung Fit 3 kèm Samsung A35/A55 (Áp dụng giảm trên giá niêm yết - Lấy mã giảm giá qua Galaxy Gift) và 1 km khác','https://cellphones.com.vn/media/catalog/product/s/a/samsung_3.png',500000,_binary '',2,7),(374,'Đồng hồ Samsung Galaxy Watch6 44mm',7490000,13,112,9693,NULL,'https://cellphones.com.vn/media/catalog/product/w/a/watch6_thumb_1.png',500000,_binary '',2,7),(375,'Samsung Galaxy Watch4 40mm',3990000,20,78,6577,NULL,'https://cellphones.com.vn/media/catalog/product/s/a/sansung_5_.png',400000,_binary '',2,7),(376,'Samsung Galaxy Watch6 Classic 47mm Bluetooth',9490000,16,82,5820,NULL,'https://cellphones.com.vn/media/catalog/product/w/a/watch6_classic_thumbnail.png',500000,_binary '',2,7),(377,'Samsung Galaxy Watch6 Classic 43mm Bluetooth',8990000,17,100,1524,NULL,'https://cellphones.com.vn/media/catalog/product/w/a/watch6_classic_thumbnail_1.png',700000,_binary '',2,7),(378,'Vòng đeo tay thông minh Xiaomi Mi Band 8',990000,30,171,3395,NULL,'https://cellphones.com.vn/media/catalog/product/x/i/xiaomi_2_1.png',700000,_binary '',3,7),(379,'Đồng hồ thông minh Xiaomi Redmi Watch 4',2690000,15,101,7420,NULL,'https://cellphones.com.vn/media/catalog/product/x/i/xiaomiii.png',600000,_binary '',3,7),(380,'Vòng đeo tay thông minh Xiaomi Mi Band 8 Active',690000,20,50,1715,NULL,'https://cellphones.com.vn/media/catalog/product/b/a/band_8_active.png',500000,_binary '',3,7),(381,'Đồng hồ thông minh Xiaomi Watch 2',4690000,9,131,1188,'Thu cũ đồng hồ trợ giá đến 400K','https://cellphones.com.vn/media/catalog/product/x/i/xiaomi_wear.png',700000,_binary '',3,7),(382,'Đồng hồ thông minh Xiaomi Watch S1 Active',4490000,49,134,9069,NULL,'https://cellphones.com.vn/media/catalog/product/x/i/xiaomi_1_6.png',300000,_binary '',3,7),(383,'Đồng hồ thông minh Xiaomi Redmi Watch 3 Active',1490000,27,53,1891,NULL,'https://cellphones.com.vn/media/catalog/product/x/i/xiaomi_1_7.png',300000,_binary '',3,7),(384,'Đồng hồ thông minh Xiaomi Watch 2 Pro',6290000,8,25,2520,'Tặng dây đeo đồng hồ 22mm','https://cellphones.com.vn/media/catalog/product/x/i/xiaomi_watch_2_pro_1.png',300000,_binary '',3,7),(385,'Đồng hồ thông minh Xiaomi Redmi Watch 2 Lite',1490000,40,172,1695,NULL,'https://cellphones.com.vn/media/catalog/product/d/o/dong_ho_xiaomi.png',400000,_binary '',3,7),(386,'Vòng đeo tay thông minh Xiaomi Mi Band 7',1290000,47,23,9934,NULL,'https://cellphones.com.vn/media/catalog/product/m/i/mi_band_7.png',300000,_binary '',3,7),(387,'Đồng hồ thông minh Huawei Watch Fit 3',2990000,7,124,3964,'Tặng tai nghe Huawei FreeBuds SE 2 trị giá 790.000đ','https://cellphones.com.vn/media/catalog/product/h/u/huawei_1__1_2.png',600000,_binary '',19,7),(388,'Đồng hồ thông minh Huawei Watch GT4 dây da',6490000,26,82,6948,NULL,'https://cellphones.com.vn/media/catalog/product/h/u/huawei_3__1_1.png',700000,_binary '',19,7),(389,'Đồng hồ thông minh Huawei Watch GT4 dây silicone',5990000,28,126,8786,NULL,'https://cellphones.com.vn/media/catalog/product/d/o/dong-ho-thong-minh-huawei-watch-gt-4-day-silicone-thumb.png',500000,_binary '',19,7),(390,'Vòng đeo tay thông minh Huawei Band 9',1090000,9,1,2692,NULL,'https://cellphones.com.vn/media/catalog/product/h/u/huawei_band_9.png',500000,_binary '',19,7),(391,'Đồng hồ thông minh Huawei Watch Kids 4 Pro',3490000,27,84,1184,NULL,'https://cellphones.com.vn/media/catalog/product/h/u/huawei_14_.png',400000,_binary '',19,7),(392,'Đồng hồ thông minh Huawei Watch GT4 46mm dây Composite',6490000,26,174,2850,NULL,'https://cellphones.com.vn/media/catalog/product/h/u/huawei_2__1_1.png',400000,_binary '',19,7),(393,'Đồng hồ thông minh Huawei Watch Fit SE',1490000,20,161,2197,NULL,'https://cellphones.com.vn/media/catalog/product/s/m/smart_band_2.png',700000,_binary '',19,7),(394,'Đồng hồ thông minh Huawei Watch GT4 dây thép',9490000,18,25,3833,NULL,'https://cellphones.com.vn/media/catalog/product/h/u/huawei_1__1_1.png',700000,_binary '',19,7),(395,'Vòng đeo tay thông minh Huawei Band 8',1090000,29,87,4648,NULL,'https://cellphones.com.vn/media/catalog/product/b/a/band_8.png',500000,_binary '',19,7),(396,'Đồng hồ thông minh Huawei Watch Ultimate',24987500,20,137,5958,'Tặng Loa Bluetooth JBL Go 3 trị giá 1.090.000đ','https://cellphones.com.vn/media/catalog/product/h/u/huawei_watch_ultimate.png',400000,_binary '',19,7),(397,'Đồng hồ thông minh Huawei Watch Buds',10990000,43,73,7761,'Tặng vòng đeo tay Huawei Band 4E','https://cellphones.com.vn/media/catalog/product/h/u/huawei_13_.png',700000,_binary '',19,7),(398,'Vòng đeo tay thông minh Huawei Band 7',1090000,27,108,9248,'Mua đồng hồ Huawei nhận ngay giảm giá 200K Matepad HW SE','https://cellphones.com.vn/media/catalog/product/s/m/smart_band.png',700000,_binary '',19,7),(399,'Đồng hồ thông minh Huawei Watch Ultimate đen dây cao su',19987500,20,105,3617,NULL,'https://cellphones.com.vn/media/catalog/product/h/u/huawei_2__1_2.png',500000,_binary '',19,7),(400,'Đồng hồ thông minh Huawei Watch Fit 3',2990000,7,139,9685,'Tặng tai nghe Huawei FreeBuds SE 2 trị giá 790.000đ','https://cellphones.com.vn/media/catalog/product/h/u/huawei_1__1_2.png',500000,_binary '',16,7),(401,'Đồng hồ thông minh Huawei Watch GT4 dây da',6490000,26,0,4774,NULL,'https://cellphones.com.vn/media/catalog/product/h/u/huawei_3__1_1.png',500000,_binary '',16,7),(402,'Đồng hồ thông minh Huawei Watch GT4 dây silicone',5990000,28,23,9052,NULL,'https://cellphones.com.vn/media/catalog/product/d/o/dong-ho-thong-minh-huawei-watch-gt-4-day-silicone-thumb.png',500000,_binary '',16,7),(403,'Vòng đeo tay thông minh Huawei Band 9',1090000,9,83,859,NULL,'https://cellphones.com.vn/media/catalog/product/h/u/huawei_band_9.png',700000,_binary '',16,7),(404,'Đồng hồ thông minh Huawei Watch Kids 4 Pro',3490000,27,144,579,NULL,'https://cellphones.com.vn/media/catalog/product/h/u/huawei_14_.png',500000,_binary '',16,7),(405,'Đồng hồ thông minh Huawei Watch GT4 46mm dây Composite',6490000,26,69,7335,NULL,'https://cellphones.com.vn/media/catalog/product/h/u/huawei_2__1_1.png',300000,_binary '',16,7),(406,'Đồng hồ thông minh Huawei Watch Fit SE',1490000,20,130,4863,NULL,'https://cellphones.com.vn/media/catalog/product/s/m/smart_band_2.png',400000,_binary '',16,7),(407,'Đồng hồ thông minh Huawei Watch GT4 dây thép',9490000,18,79,1248,NULL,'https://cellphones.com.vn/media/catalog/product/h/u/huawei_1__1_1.png',700000,_binary '',16,7),(408,'Vòng đeo tay thông minh Huawei Band 8',1090000,29,174,5159,NULL,'https://cellphones.com.vn/media/catalog/product/b/a/band_8.png',700000,_binary '',16,7),(409,'Đồng hồ thông minh Huawei Watch Ultimate',24987500,20,36,2187,'Tặng Loa Bluetooth JBL Go 3 trị giá 1.090.000đ','https://cellphones.com.vn/media/catalog/product/h/u/huawei_watch_ultimate.png',600000,_binary '',16,7),(410,'Đồng hồ thông minh Huawei Watch Buds',10990000,43,120,1530,'Tặng vòng đeo tay Huawei Band 4E','https://cellphones.com.vn/media/catalog/product/h/u/huawei_13_.png',600000,_binary '',16,7),(411,'Vòng đeo tay thông minh Huawei Band 7',1090000,27,113,2949,'Mua đồng hồ Huawei nhận ngay giảm giá 200K Matepad HW SE','https://cellphones.com.vn/media/catalog/product/s/m/smart_band.png',600000,_binary '',16,7),(412,'Đồng hồ thông minh Huawei Watch Ultimate đen dây cao su',19987500,20,92,6690,NULL,'https://cellphones.com.vn/media/catalog/product/h/u/huawei_2__1_2.png',400000,_binary '',16,7);
/*!40000 ALTER TABLE `products` ENABLE KEYS */;
UNLOCK TABLES;

--
-- Table structure for table `roles`
--

DROP TABLE IF EXISTS `roles`;
/*!40101 SET @saved_cs_client     = @@character_set_client */;
/*!50503 SET character_set_client = utf8mb4 */;
CREATE TABLE `roles` (
  `id` bigint NOT NULL AUTO_INCREMENT,
  `name` varchar(255) DEFAULT NULL,
  PRIMARY KEY (`id`),
  UNIQUE KEY `name_UNIQUE` (`name`)
) ENGINE=InnoDB AUTO_INCREMENT=4 DEFAULT CHARSET=utf8mb4 COLLATE=utf8mb4_0900_ai_ci;
/*!40101 SET character_set_client = @saved_cs_client */;

--
-- Dumping data for table `roles`
--

LOCK TABLES `roles` WRITE;
/*!40000 ALTER TABLE `roles` DISABLE KEYS */;
INSERT INTO `roles` VALUES (2,'admin'),(3,'demo'),(1,'user');
/*!40000 ALTER TABLE `roles` ENABLE KEYS */;
UNLOCK TABLES;

--
-- Table structure for table `tokens`
--

DROP TABLE IF EXISTS `tokens`;
/*!40101 SET @saved_cs_client     = @@character_set_client */;
/*!50503 SET character_set_client = utf8mb4 */;
CREATE TABLE `tokens` (
  `id` bigint NOT NULL AUTO_INCREMENT,
  `token` varchar(255) DEFAULT NULL,
  `refresh_token` varchar(255) DEFAULT NULL,
  `refresh_expiration_date` datetime(6) DEFAULT NULL,
  `is_mobile_device` bit(1) DEFAULT NULL,
  `user_id` bigint NOT NULL,
  PRIMARY KEY (`id`),
  KEY `FK2dylsfo39lgjyqml2tbe0b0ss` (`user_id`),
  CONSTRAINT `FK2dylsfo39lgjyqml2tbe0b0ss` FOREIGN KEY (`user_id`) REFERENCES `users` (`id`)
) ENGINE=InnoDB AUTO_INCREMENT=213 DEFAULT CHARSET=utf8mb4 COLLATE=utf8mb4_0900_ai_ci;
/*!40101 SET character_set_client = @saved_cs_client */;

--
-- Dumping data for table `tokens`
--

LOCK TABLES `tokens` WRITE;
/*!40000 ALTER TABLE `tokens` DISABLE KEYS */;
INSERT INTO `tokens` VALUES (194,'eyJhbGciOiJIUzI1NiJ9.eyJpZCI6NTAsInVzZXJuYW1lIjoiMDEyMzEyMzEyMyIsInN1YiI6IjAxMjMxMjMxMjMiLCJpYXQiOjE3MjUxOTc3MzksImV4cCI6MTcyNTI4NDEzOX0.lT4gw4i_uiLz9thctsMKM_Lp7SWJdbT4dBHaDK-IjbI','e659e01c-1962-4b7b-b647-a94e36b09c27','2024-09-08 20:35:39.279590',_binary '\0',50),(209,'eyJhbGciOiJIUzI1NiJ9.eyJpZCI6NjUsInVzZXJuYW1lIjoiMDI0OTE3NDU2NSIsInN1YiI6IjAyNDkxNzQ1NjUiLCJpYXQiOjE3MjUyMTMxMzEsImV4cCI6MTcyNTI5OTUzMX0.ovOGbndwgij7k4OiRB5_6cDlFxFIW4NKW2w54neoxe8','96418f7a-fe7a-44e3-bfbb-d7c4f772efc1','2024-09-09 00:52:11.097742',_binary '\0',65),(210,'eyJhbGciOiJIUzI1NiJ9.eyJpZCI6NTAsInVzZXJuYW1lIjoiMDEyMzEyMzEyMyIsInN1YiI6IjAxMjMxMjMxMjMiLCJpYXQiOjE3MjUzMzUyNTcsImV4cCI6MTcyNTMzODg1N30.h0PPUNsopkX24WxV544sQX61d9pVkkBFguua8T2Eikc','bb5e5a67-ae84-466f-9080-87c983e51d3d','2024-09-03 12:47:37.119678',_binary '\0',50),(211,'eyJhbGciOiJIUzI1NiJ9.eyJpZCI6NTAsInVzZXJuYW1lIjoiMDEyMzEyMzEyMyIsInN1YiI6IjAxMjMxMjMxMjMiLCJpYXQiOjE3MjUzMzUyNjgsImV4cCI6MTcyNTMzODg2OH0.EABO-PUFdJ6QDmlPNAutjAA_b0qxYr7PQh20rleuN_k','475e0075-1a63-444e-99b3-0616cc324a30','2024-09-03 12:47:48.690093',_binary '\0',50),(212,'eyJhbGciOiJIUzI1NiJ9.eyJpZCI6NTEsInVzZXJuYW1lIjoiMDEyMTIxMiIsInN1YiI6IjAxMjEyMTIiLCJpYXQiOjE3MjUzMzUyNzYsImV4cCI6MTcyNTMzODg3Nn0.8RyvgsI7zEpx-mhgIFf0pIp6n142-mGa8VbPVNtf1ac','84138454-ccb3-4e04-b90b-5420515f9038','2024-09-03 12:47:56.608544',_binary '\0',51);
/*!40000 ALTER TABLE `tokens` ENABLE KEYS */;
UNLOCK TABLES;

--
-- Table structure for table `user_roles`
--

DROP TABLE IF EXISTS `user_roles`;
/*!40101 SET @saved_cs_client     = @@character_set_client */;
/*!50503 SET character_set_client = utf8mb4 */;
CREATE TABLE `user_roles` (
  `id` bigint NOT NULL AUTO_INCREMENT,
  `role_id` bigint DEFAULT NULL,
  `user_id` bigint DEFAULT NULL,
  PRIMARY KEY (`id`),
  KEY `FKh8ciramu9cc9q3qcqiv4ue8a6` (`role_id`),
  KEY `FKhfh9dx7w3ubf1co1vdev94g3f` (`user_id`),
  CONSTRAINT `FKh8ciramu9cc9q3qcqiv4ue8a6` FOREIGN KEY (`role_id`) REFERENCES `roles` (`id`),
  CONSTRAINT `FKhfh9dx7w3ubf1co1vdev94g3f` FOREIGN KEY (`user_id`) REFERENCES `users` (`id`)
) ENGINE=InnoDB AUTO_INCREMENT=79 DEFAULT CHARSET=utf8mb4 COLLATE=utf8mb4_0900_ai_ci;
/*!40101 SET character_set_client = @saved_cs_client */;

--
-- Dumping data for table `user_roles`
--

LOCK TABLES `user_roles` WRITE;
/*!40000 ALTER TABLE `user_roles` DISABLE KEYS */;
INSERT INTO `user_roles` VALUES (60,1,50),(61,2,50),(62,1,51),(63,2,51),(64,3,51),(65,1,52),(66,1,53),(67,1,54),(68,1,55),(69,1,56),(70,1,57),(71,1,58),(72,1,59),(73,1,60),(74,1,61),(75,1,62),(76,1,63),(77,1,64),(78,1,65);
/*!40000 ALTER TABLE `user_roles` ENABLE KEYS */;
UNLOCK TABLES;

--
-- Table structure for table `users`
--

DROP TABLE IF EXISTS `users`;
/*!40101 SET @saved_cs_client     = @@character_set_client */;
/*!50503 SET character_set_client = utf8mb4 */;
CREATE TABLE `users` (
  `id` bigint NOT NULL AUTO_INCREMENT,
  `full_name` varchar(255) DEFAULT NULL,
  `phone` varchar(255) DEFAULT NULL,
  `password` varchar(255) DEFAULT NULL,
  `email` varchar(255) DEFAULT NULL,
  `active` bit(1) DEFAULT NULL,
  `avatar` varchar(255) DEFAULT NULL,
  `provider_id` varchar(255) DEFAULT NULL,
  PRIMARY KEY (`id`),
  UNIQUE KEY `phone_UNIQUE` (`phone`),
  UNIQUE KEY `email_UNIQUE` (`email`),
  UNIQUE KEY `provider_id_UNIQUE` (`provider_id`)
) ENGINE=InnoDB AUTO_INCREMENT=66 DEFAULT CHARSET=utf8mb4 COLLATE=utf8mb4_0900_ai_ci;
/*!40101 SET character_set_client = @saved_cs_client */;

--
-- Dumping data for table `users`
--

LOCK TABLES `users` WRITE;
/*!40000 ALTER TABLE `users` DISABLE KEYS */;
INSERT INTO `users` VALUES (50,'admin','0123123123','$2a$10$5AyfYQF8ov5DUNenTfh26uszRd8VKsmpl3.w5IH15ZqcEdckV14R2','admin@gmail.com',_binary '','/images/Shipper.png',NULL),(51,'Admin Demo','0121212','$2a$10$oGNej54FrPtZXsgt6BijR.JS4a2K1l/HcBO.IBH3TdKR5voVH.o52','admindemo@email.com',_binary '','/images/admin.png',NULL),(52,'Hữu An','02491745521','$2a$10$qvaRlPnEmoyL0K8LxpZtG..G5wSuNQ9sEn8adZDy/v.5BgtkPc1OC','an@gmail.com',_binary '','/images/user/user (5).jfif',NULL),(53,'Đức Anh','01202255532','$2a$10$duP7lNV36fwpAtiOyT6Bq.BViSfJ0kuDipPdiI6yeTjoPE5zd0YJW','anh@gmail.com',_binary '','/images/user/user (6).jfif',NULL),(54,'Việt Anh','02491745543','$2a$10$O3CVSvFz88rqVz.oX3cqoOj029QjDLMxRZyMRIELk3ONUfRWOuf8u','vanh@gmail.com',_binary '','/images/user/user (7).jfif',NULL),(55,'Hà Bách','02491745554','$2a$10$ND/5akVM6rTBoml9P.RfsO8LuXko6bV7TRygwbL0g4qjZtFby/nay','back@gmail.com',_binary '','/images/user/user (1).jfif',NULL),(56,'Đức Bình','02491745565','$2a$10$L9Y805IZQqKULUlZ7OY9UuVS4a2Oik8YUHc1S0eaFfv3rkVWHaZAO','binh@gmail.com',_binary '','/images/user/user (2).jfif',NULL),(57,'Đình Cường','02491745576','$2a$10$R3qtV0W.nvx8i/lleUNFTezS8Iqua9V7Dg5gCMkr0uvHEKi3z1NqO','cuong@gmail.com',_binary '','/images/user/user (3).jfif',NULL),(58,'Trí Dũng','02491745587','$2a$10$u.sFTx9.0bq9RZIzkISHIuikHs7LvdNYHaQSe4qCEIBqvaLbOOGmu','dung@gmail.com',_binary '','/images/user/user (4).jfif',NULL),(59,'Đức Duy','02491745598','$2a$10$DSzjopQ7Dd/YPGLZNZ558OR25lHntMJJ28YF7J6OCJnYOgg54iama','duy@gmail.com',_binary '','/images/user/user (5).jfif',NULL),(60,'Tùng Dương','02491745609','$2a$10$qN.RsnMUpgCNlfOrGFrGyu0Jqny5fnKHQM8KFI//nkmKm5FcTg1Zm','duonx@gmail.com',_binary '','/images/user/user (5).jfif',NULL),(61,'Tiến Đại','024917456111','$2a$10$Ocv5o/SyIiCZzT8jW2EuB.pvxrbNgBcwiZT6tJPFGcA3q6oZDMPtu','dai@gmail.com',_binary '','/images/user/user (6).jfif',NULL),(62,'Thành Đạt','024917456212','$2a$10$7hGoFm34kC4j4FIQqy838OZga38ZtAej4KeenCZeGAw/rqtt2VWdy','datt@gmail.com',_binary '','/images/user/user (7).jfif',NULL),(63,'Hoàng Đông','024917456313','$2a$10$OY8e69oTEJwbBGMJv5/Lse8ZcX.oWbp4bJxL0spGnanXyRTDSxzVy','dong@gmail.com',_binary '','/images/user/user (1).jfif',NULL),(64,'Minh Đức','024917455414','$2a$10$4oUtEDC4w5Wq1Aw47IeUuOBlFvDQknkbzURc8MyEx6CRc4SHUuu62','duc@gmail.com',_binary '','/images/user/user (2).jfif',NULL),(65,'Gia Được','0249174565','$2a$10$H4ferP.SjRsKGUulZUqR.eKlVHkg0y5QmlvAlO3XEgeKSiYBY91Ue','duocc@gmail.com',_binary '','/images/user/user (3).jfif',NULL);
/*!40000 ALTER TABLE `users` ENABLE KEYS */;
UNLOCK TABLES;

--
-- Table structure for table `wish_lists`
--

DROP TABLE IF EXISTS `wish_lists`;
/*!40101 SET @saved_cs_client     = @@character_set_client */;
/*!50503 SET character_set_client = utf8mb4 */;
CREATE TABLE `wish_lists` (
  `id` bigint NOT NULL AUTO_INCREMENT,
  `product_id` bigint DEFAULT NULL,
  `user_id` bigint DEFAULT NULL,
  PRIMARY KEY (`id`),
  KEY `FK4qono9ul297stprxj4y1eeqkn` (`product_id`),
  KEY `FK3kbccdqnejdlic97xr5xbfjcf` (`user_id`),
  CONSTRAINT `FK3kbccdqnejdlic97xr5xbfjcf` FOREIGN KEY (`user_id`) REFERENCES `users` (`id`),
  CONSTRAINT `FK4qono9ul297stprxj4y1eeqkn` FOREIGN KEY (`product_id`) REFERENCES `products` (`id`)
) ENGINE=InnoDB AUTO_INCREMENT=192 DEFAULT CHARSET=utf8mb4 COLLATE=utf8mb4_0900_ai_ci;
/*!40101 SET character_set_client = @saved_cs_client */;

--
-- Dumping data for table `wish_lists`
--

LOCK TABLES `wish_lists` WRITE;
/*!40000 ALTER TABLE `wish_lists` DISABLE KEYS */;
INSERT INTO `wish_lists` VALUES (179,56,51),(180,48,51),(182,156,51),(183,195,51),(184,218,51),(185,282,51),(186,316,51),(187,400,51),(188,95,51),(189,180,51),(190,286,51),(191,374,51);
/*!40000 ALTER TABLE `wish_lists` ENABLE KEYS */;
UNLOCK TABLES;
/*!40103 SET TIME_ZONE=@OLD_TIME_ZONE */;

/*!40101 SET SQL_MODE=@OLD_SQL_MODE */;
/*!40014 SET FOREIGN_KEY_CHECKS=@OLD_FOREIGN_KEY_CHECKS */;
/*!40014 SET UNIQUE_CHECKS=@OLD_UNIQUE_CHECKS */;
/*!40101 SET CHARACTER_SET_CLIENT=@OLD_CHARACTER_SET_CLIENT */;
/*!40101 SET CHARACTER_SET_RESULTS=@OLD_CHARACTER_SET_RESULTS */;
/*!40101 SET COLLATION_CONNECTION=@OLD_COLLATION_CONNECTION */;
/*!40111 SET SQL_NOTES=@OLD_SQL_NOTES */;

-- Dump completed on 2024-09-03 10:54:43
